discount_percent,ad_spend,product_category,days_to_diwali,location,payment_method,customer_age,customer_gender,previous_purchases,sales
32.472407130841745,13330.981797737884,Footwear,19,Bangalore,Cash,58,Male,16,3389
67.04285838459498,29385.542632026118,Home Decor,15,Chennai,UPI,34,Other,18,5773
53.919636508684306,44282.56261443837,Home Decor,15,Hyderabad,UPI,52,Male,5,3772
45.919509051822196,37950.11988843025,Home Decor,4,Chennai,Cash,22,Other,2,9569
19.36111842654619,41295.25165376524,Footwear,7,Delhi,Debit Card,49,Female,4,5734
19.35967122017216,34645.25150198228,Electronics,13,Delhi,UPI,20,Male,1,7402
13.485016730091967,36152.44540330336,Footwear,3,Mumbai,Wallet,52,Female,19,8112
61.97056874649611,43213.80432043937,Electronics,16,Mumbai,Wallet,31,Female,3,2992
46.06690070459253,16235.060398663367,Footwear,9,Delhi,Credit Card,48,Female,9,7245
52.48435466776273,27024.123363941322,Footwear,8,Chennai,Cash,48,Other,9,4740
11.235069657748147,14954.4248818821,Electronics,20,Delhi,Debit Card,34,Female,10,2822
68.19459112971967,49445.060359849114,Home Decor,13,Mumbai,Credit Card,41,Female,15,5798
59.94655844802531,47482.6702858976,Electronics,17,Delhi,Cash,40,Female,16,2361
22.74034664069657,6774.206511582765,Clothing,17,Delhi,UPI,35,Other,15,7120
20.909498032426036,36750.882763205984,Clothing,17,Chennai,Wallet,31,Female,6,4547
21.00427059120603,46636.17428370496,Electronics,1,Hyderabad,Debit Card,32,Female,15,8081
28.254534577572265,13125.890530730008,Footwear,8,Mumbai,Wallet,32,Male,2,7820
41.48538589793427,30557.535374868326,Clothing,19,Chennai,UPI,23,Other,15,1598
35.916701118526944,46196.973391461885,Clothing,6,Delhi,Cash,44,Female,7,5747
27.473748411882514,6527.569036360948,Footwear,3,Delhi,UPI,32,Male,11,2234
46.71117368334277,36383.91202610779,Footwear,27,Hyderabad,UPI,53,Other,2,5163
18.36963163912251,18380.705331764784,Home Decor,5,Mumbai,Wallet,25,Other,16,6409
27.52867891211309,46597.828791943866,Footwear,13,Mumbai,Debit Card,32,Other,17,3916
31.9817105976215,48697.62103244155,Electronics,15,Bangalore,UPI,20,Other,10,6802
37.364199053022155,47491.99201010453,Electronics,14,Mumbai,Wallet,30,Other,3,8093
57.110557683580815,26339.63974958587,Home Decor,29,Hyderabad,Debit Card,58,Other,15,1180
21.980426929501583,43791.9192945191,Clothing,23,Bangalore,Cash,51,Female,16,8663
40.8540663048167,43004.72293407817,Clothing,16,Bangalore,Cash,41,Female,8,2570
45.54487413172255,19359.521295946506,Footwear,18,Delhi,Credit Card,57,Female,5,7168
12.787024763199863,42301.19633678048,Electronics,22,Delhi,Wallet,49,Female,19,8501
46.4526911140863,6665.343562197168,Clothing,29,Mumbai,Debit Card,49,Male,1,2691
20.23144742123749,31832.144531692385,Home Decor,22,Bangalore,UPI,47,Female,8,9359
13.903095579116771,15350.397677946637,Home Decor,11,Delhi,Cash,30,Other,5,8086
66.93313223519999,10425.509859977547,Electronics,3,Hyderabad,Debit Card,18,Female,2,9372
67.93792198447356,8462.894073314412,Home Decor,22,Delhi,Wallet,51,Female,19,9664
58.50384088698767,36332.99491451629,Home Decor,10,Delhi,Credit Card,32,Other,5,3346
28.27682615040224,20294.373369562978,Electronics,10,Bangalore,Cash,31,Female,6,2963
15.860326840383031,37614.50471879427,Footwear,30,Bangalore,Debit Card,46,Female,0,7337
51.053981590729414,7941.035335952407,Footwear,21,Chennai,Debit Card,51,Female,0,5422
36.40914962437608,19188.065202377467,Home Decor,16,Hyderabad,Debit Card,35,Male,4,4892
17.32229409068673,29277.108156890175,Footwear,12,Bangalore,Wallet,24,Female,5,3683
39.71061460667621,40582.54241775336,Footwear,2,Mumbai,Wallet,46,Other,12,3667
12.063311266913104,19343.862631943146,Home Decor,9,Hyderabad,Wallet,48,Other,1,3497
64.55922412472692,33165.11193966541,Footwear,24,Hyderabad,UPI,42,Female,14,7021
25.526798896001015,44868.99867062842,Home Decor,3,Bangalore,Debit Card,55,Female,14,3727
49.75133706123892,32713.843468203704,Clothing,24,Hyderabad,Cash,31,Female,12,7064
28.702664565364657,15483.176363913519,Electronics,30,Bangalore,Wallet,25,Other,13,2524
41.20408127066865,6098.035170044211,Electronics,25,Delhi,Wallet,44,Other,6,829
42.80261676059678,44154.44932554184,Footwear,30,Chennai,Debit Card,19,Male,13,2986
21.091267331531622,5957.123488267422,Footwear,15,Delhi,Wallet,34,Male,9,1655
68.17507766587352,44361.57527078897,Footwear,3,Bangalore,UPI,54,Male,16,4977
56.50796940166687,28802.171031224538,Electronics,19,Bangalore,UPI,31,Other,13,2685
66.36993649385136,47258.04643308033,Clothing,18,Delhi,Wallet,42,Male,7,7586
63.68964102565893,40945.24560981494,Clothing,8,Mumbai,Debit Card,47,Female,3,2817
45.87399872866511,49907.034974000184,Electronics,26,Mumbai,Debit Card,46,Female,15,4121
65.312454101387,20782.031695326958,Clothing,17,Mumbai,Debit Card,37,Other,12,4991
15.30955012311517,39523.47300190071,Electronics,8,Bangalore,Credit Card,38,Male,19,3011
21.758971745148713,23086.8911124159,Clothing,7,Hyderabad,Wallet,39,Female,17,8342
12.713637334632285,26594.402913675898,Home Decor,30,Bangalore,Debit Card,52,Other,13,9141
29.519819845795862,33237.745844826655,Home Decor,7,Hyderabad,UPI,54,Male,17,8348
33.320637381368925,44315.470138385244,Electronics,3,Delhi,Cash,33,Female,4,5904
26.280941906433753,49283.75611396828,Clothing,1,Chennai,Cash,34,Male,8,5893
59.72425054911576,39572.30362390332,Footwear,4,Hyderabad,Debit Card,33,Other,2,1793
31.405199601615358,23799.50519753002,Clothing,25,Mumbai,Cash,19,Male,7,2965
26.856070581242847,23961.065102468157,Home Decor,5,Bangalore,Cash,21,Other,19,3675
42.56176498949491,38191.20357150012,Home Decor,1,Delhi,Credit Card,38,Male,9,8349
18.45545349848576,15744.971559573605,Clothing,15,Mumbai,UPI,56,Female,18,9925
58.13181884524238,9971.335090912758,Clothing,5,Delhi,UPI,51,Other,2,8944
14.47303862078625,20957.997093834943,Footwear,13,Chennai,Credit Card,47,Other,10,8710
69.21321619603104,17925.754624433677,Footwear,8,Bangalore,Credit Card,23,Other,10,3259
56.334686157799446,18333.865420519556,Clothing,8,Bangalore,Cash,34,Male,16,5755
21.922940892050345,15512.348797245948,Clothing,5,Chennai,Wallet,56,Male,15,8914
10.331327027416144,6894.193533636285,Clothing,28,Bangalore,Cash,42,Female,6,502
58.92768570729005,5804.327063003621,Clothing,9,Hyderabad,Credit Card,22,Other,3,8630
52.41144063085703,49447.50753812142,Electronics,1,Delhi,UPI,22,Other,18,1759
53.74043008245924,24249.791018113807,Clothing,4,Mumbai,Cash,37,Male,11,8690
56.27622080115675,22294.699122185677,Footwear,3,Chennai,Wallet,33,Male,14,4823
14.442679104045421,35584.12772118814,Home Decor,2,Hyderabad,Cash,58,Female,10,6273
31.507943712656356,14821.424953927888,Electronics,8,Mumbai,Debit Card,54,Female,4,3068
16.952143571507783,47748.25327776014,Clothing,23,Mumbai,Cash,57,Male,4,2385
61.78620555253561,40385.52564869984,Home Decor,9,Chennai,Credit Card,26,Other,14,7560
47.39788760965347,9023.495104051679,Electronics,2,Hyderabad,UPI,22,Female,17,8344
29.85388149115895,23791.134910321776,Home Decor,14,Mumbai,UPI,59,Male,10,6611
13.813501017161418,44560.32384029741,Clothing,14,Mumbai,Credit Card,19,Male,11,9991
28.658939302939732,47512.94100311346,Clothing,4,Hyderabad,Debit Card,26,Other,1,2838
29.51099932160482,26033.06800624414,Footwear,30,Bangalore,Credit Card,53,Male,19,9768
53.77637070028384,32603.512514481845,Clothing,6,Mumbai,Cash,39,Male,14,4258
48.253448281312785,12516.527574143385,Clothing,11,Delhi,Credit Card,39,Female,19,5310
63.23276455457959,49602.58817616395,Electronics,3,Hyderabad,Credit Card,39,Male,3,9639
38.33289550971696,15425.226562254953,Footwear,8,Mumbai,Debit Card,51,Male,17,7291
17.1756547562981,47422.92983608066,Electronics,3,Chennai,Cash,46,Female,5,7671
52.7946872333797,34234.09920465658,Home Decor,14,Delhi,Wallet,55,Other,18,3231
55.64710291701385,32348.15576954866,Clothing,28,Mumbai,Wallet,50,Other,10,1369
43.67663185416978,28070.982995742885,Home Decor,13,Delhi,UPI,35,Female,1,5666
56.25803079727366,15380.141527299142,Electronics,13,Delhi,Credit Card,24,Female,7,593
39.62773578186344,12943.761440247872,Clothing,2,Bangalore,UPI,18,Other,10,3487
41.363969762919645,14921.87940815789,Clothing,13,Delhi,Debit Card,50,Other,4,9127
35.652461101512976,13389.721796491453,Electronics,29,Bangalore,Wallet,18,Other,17,5447
11.525147604645712,40081.3013105039,Electronics,19,Hyderabad,Credit Card,41,Other,17,7151
16.473485619598268,20755.636662502853,Electronics,27,Bangalore,Debit Card,21,Other,13,7479
11.885751141204056,7602.920445352836,Electronics,6,Chennai,Debit Card,21,Female,9,7294
48.184624675826825,48609.61835633651,Electronics,16,Mumbai,Credit Card,35,Male,2,7024
28.8613588645796,44770.36482335415,Clothing,2,Hyderabad,Debit Card,44,Other,8,3644
40.514241469882165,46748.852743784584,Electronics,8,Hyderabad,Credit Card,49,Other,2,4087
64.45398843556558,49770.85201908959,Clothing,17,Chennai,Credit Card,50,Male,10,576
24.957533748932498,12825.286214876927,Clothing,23,Bangalore,Cash,45,Male,11,9507
34.62297538213778,22830.890850619642,Electronics,2,Mumbai,UPI,59,Male,11,9459
55.333068312582924,39120.731406684106,Electronics,10,Bangalore,Debit Card,58,Male,2,7053
23.727889929497348,36320.92781242065,Footwear,28,Delhi,Debit Card,53,Male,6,8797
14.61879458972758,11925.315785293478,Clothing,16,Bangalore,Cash,23,Male,13,7194
27.385087174826083,41712.4906245778,Electronics,6,Hyderabad,Cash,33,Female,10,3373
19.673277235240263,15099.82573264973,Electronics,28,Mumbai,Cash,51,Male,6,3846
65.78185914055439,15071.792667018039,Electronics,2,Bangalore,Wallet,40,Male,9,7524
58.487222773865014,29163.84903020361,Footwear,2,Mumbai,Wallet,59,Female,10,3648
48.00422539062541,31682.297067876643,Footwear,26,Mumbai,Wallet,41,Male,14,744
62.28763541126306,31103.879352701504,Home Decor,13,Delhi,Credit Card,30,Other,18,3125
58.220324613946865,9116.90768289897,Clothing,24,Delhi,Debit Card,35,Other,15,4349
21.194203533162153,44485.738818367114,Home Decor,15,Hyderabad,UPI,30,Male,19,9673
63.553539909398665,16952.001916491772,Electronics,28,Chennai,Credit Card,54,Female,11,8237
42.36053451493904,10828.171457726188,Footwear,2,Mumbai,Debit Card,56,Other,17,8833
58.44640930984375,44993.66359410397,Footwear,7,Chennai,Debit Card,59,Female,12,1392
63.7654779954096,48004.3174203389,Home Decor,3,Hyderabad,Cash,34,Other,4,5987
29.080208498311833,43795.74277694528,Footwear,8,Mumbai,Cash,32,Male,3,7751
16.603115471660605,41428.223362619516,Electronics,23,Mumbai,Credit Card,35,Female,13,7810
23.676109752516503,34485.88912875598,Footwear,14,Chennai,Cash,40,Female,7,2899
35.626467317575376,29788.581677411268,Home Decor,24,Bangalore,Debit Card,47,Female,8,5140
59.080885955349586,8914.404196013456,Electronics,30,Delhi,Cash,51,Other,18,3460
61.64383499538061,23380.394588181443,Home Decor,23,Bangalore,Wallet,21,Other,2,7825
10.417127831871442,21770.98326555413,Footwear,27,Chennai,Cash,20,Other,4,1969
40.64483815465394,16688.92026921468,Home Decor,22,Delhi,Debit Card,24,Male,17,3874
35.04466018892674,37553.90511598632,Home Decor,29,Bangalore,Credit Card,35,Other,0,9347
23.326468628243816,27314.408078544686,Clothing,7,Delhi,UPI,59,Male,7,8734
17.19192204002097,8647.079715844156,Footwear,21,Mumbai,Cash,24,Female,18,8423
30.25691028421768,14908.24408774151,Footwear,7,Bangalore,Debit Card,57,Female,16,5622
66.57458223475115,35746.644364681815,Home Decor,1,Delhi,UPI,23,Male,16,5887
29.392175921245315,8425.888677063507,Clothing,17,Delhi,UPI,39,Other,10,8131
41.12743730460197,43304.31113219459,Footwear,9,Delhi,Wallet,18,Male,1,7726
52.18113753371067,27281.593715628846,Electronics,30,Bangalore,UPI,21,Female,5,5608
31.817776142757637,26626.39597969916,Home Decor,21,Hyderabad,Debit Card,46,Female,13,2724
68.30692496325764,31658.35030967829,Footwear,13,Bangalore,Debit Card,38,Male,2,2610
67.74683769652668,42110.643466631715,Electronics,21,Chennai,Cash,43,Other,11,1457
25.106937749521848,20651.41435559869,Footwear,19,Bangalore,Cash,31,Other,3,7646
39.83491035354312,35510.72686515786,Electronics,21,Delhi,Cash,26,Male,11,1060
28.05269858900618,30457.9383798106,Home Decor,19,Mumbai,UPI,29,Male,12,7913
27.090429662648056,17016.27215762396,Footwear,25,Bangalore,UPI,59,Other,1,1812
12.213216841271969,44538.34938598211,Footwear,25,Bangalore,Wallet,23,Female,1,2321
46.57386003879381,40884.17097231177,Clothing,22,Delhi,Cash,37,Male,14,6146
40.16074139373169,34630.33255962915,Home Decor,17,Mumbai,Credit Card,41,Other,16,5445
13.088725074999362,43276.177809240886,Electronics,23,Mumbai,Wallet,44,Other,6,5874
26.718787854196687,44028.239043191104,Footwear,23,Chennai,Credit Card,55,Female,13,3151
64.49595315799922,36876.33395217657,Footwear,30,Bangalore,UPI,25,Female,11,5201
24.373713440018346,42665.59977636524,Electronics,10,Mumbai,Wallet,18,Female,16,3377
18.693692325473386,36386.215775117766,Home Decor,10,Mumbai,Wallet,41,Female,13,6082
39.36716561665378,35606.334729213515,Clothing,4,Hyderabad,Debit Card,24,Female,5,5890
69.13902724663603,32837.512019683294,Clothing,8,Hyderabad,UPI,36,Male,18,4583
24.523316290690026,38872.248780093854,Footwear,22,Mumbai,UPI,39,Other,5,1245
50.328132844352716,12137.229738188316,Electronics,20,Chennai,Wallet,52,Male,17,9249
55.697176919723056,44639.18416395178,Footwear,20,Mumbai,UPI,47,Male,4,1441
24.25825263954398,44232.95874853544,Electronics,18,Delhi,Wallet,46,Male,5,4523
53.692980916711576,6316.127736555161,Clothing,14,Bangalore,Debit Card,39,Male,1,2796
32.06698796315519,42161.75377541432,Home Decor,18,Chennai,Wallet,28,Male,7,1439
47.938349835614765,10799.144036305035,Electronics,28,Delhi,UPI,37,Female,14,2110
48.01178264565368,20080.348441661386,Clothing,14,Chennai,UPI,46,Female,14,6800
42.14648104448551,38457.87153312235,Footwear,20,Delhi,Wallet,58,Other,10,2225
15.417386203264499,12234.19532217387,Electronics,21,Bangalore,Wallet,59,Male,0,9676
60.11814973535428,41808.5160853578,Home Decor,24,Bangalore,Wallet,51,Other,17,9353
29.24680389830415,42446.03800809839,Footwear,15,Hyderabad,Cash,18,Female,11,7687
21.191110623991253,27836.04801923763,Footwear,22,Delhi,UPI,48,Female,11,532
12.446508493285835,5287.364227257511,Clothing,30,Hyderabad,UPI,47,Female,10,6485
45.45357659129451,17916.715992871075,Electronics,4,Delhi,Cash,35,Male,7,3914
50.653861710536944,32761.7113269084,Footwear,13,Hyderabad,Wallet,34,Male,6,1656
10.99526973567137,49153.378011234054,Home Decor,27,Bangalore,Debit Card,55,Female,1,3626
40.72558349795686,33431.60871575007,Electronics,23,Chennai,Wallet,31,Other,10,8752
23.589746511876278,16691.161147887193,Home Decor,8,Hyderabad,Wallet,40,Other,9,2043
48.71036742456699,33530.25663948251,Footwear,18,Delhi,Cash,42,Female,2,771
20.461985740299486,29299.342087213496,Home Decor,12,Delhi,UPI,32,Other,19,5795
51.456264286147956,40093.042781801465,Clothing,23,Bangalore,Wallet,39,Female,9,4576
33.20412077803225,9814.128747213128,Home Decor,14,Delhi,UPI,20,Other,17,6402
66.20379932420407,39246.25561259126,Electronics,2,Mumbai,Credit Card,36,Female,13,3209
18.251256648759593,29356.99604042496,Home Decor,18,Chennai,UPI,51,Other,17,9846
30.46398106301551,48334.640173654756,Home Decor,24,Hyderabad,Debit Card,52,Male,7,5721
16.808411274435343,20384.247471740873,Clothing,2,Chennai,Debit Card,18,Female,9,9029
65.48161709671376,33467.98519102766,Home Decor,11,Bangalore,Wallet,38,Female,12,7222
62.64036120285886,46941.26474795079,Home Decor,9,Hyderabad,UPI,46,Other,7,8701
25.47649766290934,9612.937759580567,Footwear,12,Hyderabad,Wallet,23,Female,3,4644
49.59904276205074,47175.2819256403,Footwear,17,Mumbai,Cash,54,Female,3,6106
59.03333201207295,35954.8575035366,Electronics,15,Bangalore,Debit Card,18,Female,4,7266
43.31204869596774,8052.667659732735,Footwear,25,Delhi,Wallet,18,Male,0,1230
41.77903470136039,18543.36051260673,Footwear,17,Mumbai,Cash,44,Male,16,5390
24.5111374540271,36867.74398903767,Footwear,26,Mumbai,Wallet,38,Other,1,2148
15.586166068353952,8030.777066094726,Footwear,29,Chennai,UPI,33,Male,7,4728
63.83294547719961,31197.6707079323,Clothing,26,Chennai,UPI,57,Other,6,2630
64.02508342979982,20564.737562883052,Footwear,18,Chennai,UPI,43,Male,14,4866
47.986087436396076,32941.19829953647,Clothing,22,Mumbai,UPI,33,Other,4,2006
30.341787462922042,7058.391521563079,Clothing,6,Delhi,Credit Card,45,Male,1,2658
30.952574476759654,44219.156276856935,Footwear,17,Hyderabad,Cash,18,Male,6,3416
53.557340732214364,48807.00361298286,Home Decor,23,Chennai,Cash,53,Other,7,3729
63.82661559715463,48599.50348785612,Clothing,24,Delhi,UPI,27,Female,6,6765
63.22518545590704,38734.33242843161,Home Decor,18,Bangalore,Credit Card,34,Female,6,4636
56.79253275145743,10853.880805878438,Home Decor,8,Chennai,UPI,40,Male,13,3189
48.52189876925726,39121.84381680602,Footwear,9,Hyderabad,Credit Card,24,Other,17,7690
15.04839789970293,6106.411240646068,Electronics,6,Bangalore,UPI,24,Female,5,3310
19.697722845676825,5995.559818804876,Footwear,5,Bangalore,Debit Card,32,Other,3,6652
63.913251311624755,19562.459861729356,Electronics,12,Hyderabad,Debit Card,51,Female,9,512
46.3857435795754,26988.943568209957,Electronics,25,Chennai,Wallet,21,Other,17,6438
10.55182309699778,39668.333801350695,Footwear,29,Mumbai,UPI,31,Male,11,8499
16.088292571961926,35748.29194729273,Footwear,28,Hyderabad,Cash,31,Other,15,7719
49.81010614648335,25065.621786953674,Electronics,11,Hyderabad,Wallet,33,Female,6,5828
10.30369503077312,17313.199982674967,Footwear,25,Hyderabad,Debit Card,24,Male,5,4121
19.648483085049918,49870.602507097,Electronics,1,Bangalore,UPI,49,Other,4,4183
42.924027361995165,24178.158600618783,Home Decor,11,Delhi,Wallet,36,Female,2,8372
51.513711861561596,25312.416094835397,Footwear,19,Mumbai,UPI,19,Male,11,5810
49.11767557015603,12363.071953625113,Home Decor,9,Chennai,Debit Card,27,Other,14,1152
23.456158567633587,40766.429693746824,Clothing,27,Chennai,Wallet,34,Female,9,6299
52.73075328085215,36215.70016016699,Home Decor,2,Delhi,Debit Card,54,Other,19,9312
24.234945249808003,14934.632575494217,Home Decor,12,Hyderabad,Credit Card,29,Other,18,4290
29.52398188955606,8707.14705271292,Electronics,4,Mumbai,Debit Card,23,Male,15,2145
54.78948430708145,35622.46859336209,Home Decor,4,Chennai,UPI,39,Male,10,5012
48.97797394283288,34453.00464265108,Footwear,18,Chennai,Cash,49,Female,7,5259
60.95340462965068,17296.67871491942,Electronics,15,Hyderabad,Debit Card,58,Male,2,6374
49.4567735380206,47788.86030126847,Clothing,19,Delhi,Cash,37,Female,6,4188
44.098516200128294,11797.60513014051,Footwear,13,Mumbai,Credit Card,18,Other,6,8189
15.620486069685548,24455.066046917087,Clothing,19,Delhi,Wallet,23,Other,13,1879
32.06294818356601,47462.71640754195,Home Decor,17,Delhi,Wallet,36,Female,1,4743
25.912142060903527,23887.729261675504,Footwear,6,Mumbai,Cash,35,Other,9,7007
24.639378602745015,33733.66764488385,Footwear,16,Mumbai,Wallet,23,Male,18,8319
68.38063328514673,22891.747908325742,Clothing,24,Chennai,Debit Card,50,Other,8,9093
33.58586348000563,17339.684105690154,Footwear,12,Chennai,Cash,40,Male,15,3153
63.522793310626795,49278.99415819227,Footwear,19,Mumbai,UPI,40,Female,18,6111
47.86831755983577,23420.030284176937,Footwear,5,Bangalore,Debit Card,43,Female,17,6627
57.68867821249891,45234.46416556105,Home Decor,17,Chennai,Debit Card,30,Other,8,4423
40.15822558631153,15347.957265098878,Clothing,26,Bangalore,Debit Card,24,Other,15,8959
44.614233077581545,14589.711681128749,Footwear,23,Mumbai,UPI,32,Male,12,6412
39.55106162913184,6401.033729803012,Electronics,26,Chennai,Credit Card,44,Male,9,5630
21.71457926788267,34325.00714191483,Electronics,29,Delhi,Wallet,43,Other,19,5939
53.34712691569032,21583.685467569252,Electronics,1,Mumbai,Cash,50,Other,13,8380
26.846341746451348,43896.121242783665,Electronics,28,Hyderabad,Credit Card,32,Female,11,6949
11.458957985887231,26294.445801120073,Home Decor,27,Bangalore,Cash,53,Female,18,2225
48.72833775443007,48568.70425616248,Footwear,25,Mumbai,Wallet,44,Female,6,9804
20.626640764422937,13348.648206640451,Clothing,24,Mumbai,UPI,22,Other,14,8022
66.42751506117486,44088.04255800248,Footwear,23,Chennai,Debit Card,19,Other,15,5284
67.23571462015525,39946.85837562838,Home Decor,10,Chennai,Debit Card,50,Other,7,9972
64.89186341322691,39691.48300898234,Electronics,15,Chennai,UPI,33,Female,9,1732
32.20952201532666,43015.245265259946,Home Decor,23,Hyderabad,Credit Card,40,Other,3,9308
10.927396991732046,39246.07959243495,Footwear,21,Chennai,Credit Card,55,Male,18,8838
65.69911375526353,33179.91447341369,Clothing,21,Mumbai,Cash,33,Other,18,7946
35.69104889903886,10906.019495707442,Home Decor,11,Chennai,UPI,31,Other,14,5116
67.99928914262017,6463.678077106337,Clothing,13,Delhi,Credit Card,46,Other,13,5225
67.81719862535516,46438.153151705905,Home Decor,5,Chennai,UPI,43,Other,0,4177
61.180567328041604,32749.26415343321,Clothing,1,Hyderabad,Wallet,52,Other,15,6787
27.666933524175143,40844.178093927934,Clothing,24,Delhi,Debit Card,32,Male,9,8980
33.105863716115515,26668.505818064754,Electronics,12,Mumbai,Debit Card,20,Male,18,1909
61.068200291011415,10278.868503307753,Clothing,11,Mumbai,Debit Card,40,Other,2,8705
29.01532030937666,10633.36064911477,Electronics,17,Bangalore,UPI,46,Female,4,756
20.16956480116555,35850.43792530371,Footwear,4,Delhi,UPI,51,Other,8,2221
43.40807574750101,24363.765270475822,Footwear,15,Bangalore,Cash,50,Other,17,1923
66.16928644964686,14023.612701515152,Electronics,25,Delhi,Debit Card,58,Other,10,5453
51.76178780049838,27121.754603364658,Electronics,30,Delhi,Cash,58,Female,15,3490
44.203670205361895,7889.402168381033,Home Decor,9,Hyderabad,Debit Card,40,Female,1,1695
15.830589626246113,31188.713086147945,Home Decor,21,Bangalore,Cash,24,Female,11,5059
46.90043360195018,17104.703199579395,Home Decor,20,Hyderabad,Cash,20,Male,5,4865
69.4032310062558,40890.15952867347,Footwear,19,Delhi,Wallet,49,Female,10,1744
18.405040914191442,18966.288151560817,Home Decor,19,Mumbai,Cash,48,Male,7,7266
41.0997791418242,25484.906708681054,Clothing,12,Delhi,UPI,35,Male,11,5802
62.642384315677326,5522.924295864528,Clothing,5,Hyderabad,Cash,24,Female,1,1806
54.44611706525227,8260.10995075515,Home Decor,10,Bangalore,Debit Card,58,Female,8,2902
51.82094445971608,22662.21003830082,Clothing,17,Bangalore,Cash,18,Female,14,996
52.14904503922656,26597.247562270557,Footwear,5,Hyderabad,Credit Card,31,Male,1,3899
31.56946907318531,32000.924665368668,Clothing,22,Bangalore,Debit Card,49,Other,0,1409
27.615510655869603,18124.816041918646,Footwear,16,Chennai,Credit Card,23,Female,9,872
58.56166932871082,36274.18487569442,Electronics,7,Mumbai,Debit Card,56,Female,1,6736
58.60680368075084,43705.50787351421,Electronics,28,Mumbai,UPI,27,Female,11,1844
62.024339114806224,40093.29450020074,Electronics,9,Mumbai,UPI,24,Male,7,9015
64.79443315338827,6782.847140676072,Electronics,3,Bangalore,UPI,43,Male,4,2931
40.68054393165627,26622.812626602303,Clothing,15,Bangalore,Credit Card,51,Other,0,5170
40.090977681231976,9721.85802881787,Home Decor,16,Delhi,Wallet,47,Female,14,3284
57.89771073800651,15892.025713813737,Clothing,18,Delhi,Debit Card,53,Male,5,9907
48.99783584666591,49399.81669702159,Footwear,14,Mumbai,UPI,38,Other,11,2195
52.1180126354622,11412.299430568095,Clothing,3,Chennai,Debit Card,34,Female,7,2407
57.74756016616606,27449.966905311023,Clothing,12,Delhi,Credit Card,50,Male,12,5314
63.40032050905398,32817.00804431536,Footwear,9,Delhi,Wallet,27,Female,18,1280
30.27970941109215,36610.92367448468,Electronics,28,Bangalore,Credit Card,59,Female,0,1519
32.53497715839664,30184.190756911135,Electronics,7,Chennai,Debit Card,29,Male,10,1903
15.63891639045214,5439.688133863265,Electronics,9,Mumbai,Wallet,33,Male,19,1926
44.69680845977044,19690.758870979633,Home Decor,13,Delhi,Wallet,58,Male,0,9355
12.156536427804525,28297.023952312014,Footwear,18,Chennai,Credit Card,49,Female,7,6368
37.93588108794761,8953.9924615175,Footwear,5,Chennai,UPI,32,Female,4,510
42.5586780824546,20778.211904413132,Clothing,13,Mumbai,Debit Card,44,Other,16,6830
27.192475127697065,6494.139895611495,Home Decor,4,Chennai,Cash,45,Female,7,9730
45.44999563414065,8536.032371975933,Electronics,2,Chennai,Cash,34,Male,9,3325
11.830014996342966,22861.547429071823,Home Decor,16,Chennai,Credit Card,19,Female,1,7964
12.240891324952866,10972.208931937716,Footwear,9,Delhi,Debit Card,53,Other,8,3503
59.35603363957949,30539.338171770116,Footwear,9,Mumbai,Debit Card,24,Other,2,9767
31.611438484675773,36025.92361117696,Clothing,6,Chennai,Credit Card,30,Male,17,7695
17.623630759113087,41026.40145990873,Clothing,11,Chennai,Debit Card,32,Male,6,7220
41.334595603288264,14006.760991016454,Footwear,22,Delhi,UPI,42,Other,14,3588
56.19961318591665,12536.716201658139,Electronics,24,Mumbai,Credit Card,40,Other,19,2289
22.94926164981059,9705.552815048011,Electronics,22,Bangalore,UPI,39,Other,17,3536
47.373428549140016,33639.361229463655,Home Decor,1,Delhi,Debit Card,43,Male,2,7877
15.12084789962608,36791.40769191056,Footwear,4,Mumbai,Credit Card,50,Other,13,8098
13.100903270116461,6421.376517153892,Footwear,13,Chennai,Debit Card,28,Other,1,5338
41.88127789408888,47129.55108096604,Electronics,23,Mumbai,Credit Card,27,Male,13,6372
42.43810729660639,7338.707764316258,Electronics,13,Mumbai,Debit Card,42,Female,10,4153
48.24579408989239,29358.33508854817,Footwear,13,Mumbai,UPI,54,Female,15,4799
53.56548002335969,36907.72337529124,Clothing,2,Bangalore,UPI,55,Other,7,9768
68.55112476775207,44193.61056857385,Footwear,9,Mumbai,Debit Card,58,Female,6,1473
40.97802089807172,37133.91194595925,Footwear,24,Bangalore,Credit Card,41,Female,10,7583
29.37738837647476,41077.76373814063,Electronics,8,Chennai,Cash,57,Female,2,5994
57.71117168612222,20275.25866442627,Electronics,7,Bangalore,UPI,50,Female,16,9991
26.24993507572445,41667.13011859305,Clothing,4,Chennai,UPI,34,Other,13,3906
36.338285242338166,8605.168087310381,Clothing,18,Chennai,Cash,41,Female,5,5650
14.707382880535958,45266.749522723745,Home Decor,3,Bangalore,Debit Card,54,Female,7,9850
11.52104460492745,29641.65692691813,Footwear,28,Delhi,Credit Card,19,Male,4,3629
67.7589048806755,41778.39964831222,Electronics,6,Hyderabad,Debit Card,49,Other,7,604
60.15880723073235,25354.322803323506,Clothing,12,Mumbai,Wallet,41,Male,1,7933
51.75845236562188,33960.99628384362,Home Decor,12,Hyderabad,UPI,26,Male,14,8189
34.53717666485619,28688.119742125094,Home Decor,21,Mumbai,Wallet,21,Other,11,4067
20.397659204250747,37921.52847898994,Electronics,28,Mumbai,UPI,34,Female,16,4848
19.38622256026516,8673.349191376532,Electronics,8,Chennai,UPI,34,Male,0,4890
25.01457388987572,7715.843779575371,Home Decor,22,Mumbai,Wallet,47,Other,14,7311
42.95359988236723,16119.64553045659,Clothing,22,Mumbai,Wallet,57,Female,13,1681
52.87575536200374,12179.510605093476,Home Decor,1,Bangalore,Debit Card,28,Other,19,5144
49.61184260306388,44230.260496649076,Footwear,4,Hyderabad,Wallet,38,Male,15,6373
26.79603381675657,14864.629431111995,Footwear,21,Bangalore,Debit Card,38,Female,8,4894
67.29191683979164,48913.936511860906,Electronics,28,Mumbai,Debit Card,35,Female,0,4034
54.27381500174611,20160.31062969981,Clothing,11,Chennai,Debit Card,46,Other,16,6344
43.26124315068404,13195.306205991468,Clothing,3,Bangalore,UPI,41,Female,12,6439
46.70324477406113,40536.43282141156,Footwear,13,Bangalore,UPI,27,Male,4,6975
35.176003745667394,34641.849897539425,Home Decor,25,Delhi,Wallet,34,Male,9,2274
24.86385937006945,27418.807240391256,Electronics,17,Mumbai,UPI,35,Male,5,8783
31.358360719075694,29991.359792193405,Home Decor,22,Chennai,Wallet,59,Other,18,946
55.47076662786215,37364.080022251874,Home Decor,22,Bangalore,UPI,37,Female,12,608
10.863609317785352,15280.463359908443,Home Decor,10,Bangalore,Credit Card,54,Female,0,3739
16.964358430414975,49835.02622255339,Clothing,21,Chennai,Credit Card,35,Female,19,6431
12.760158521305165,48865.692296605244,Footwear,12,Mumbai,Wallet,34,Male,14,4553
12.443728139138209,34264.655885612156,Clothing,15,Delhi,UPI,26,Female,13,5037
61.32763504066043,13979.410291811531,Footwear,21,Bangalore,UPI,31,Male,7,6861
52.219471562801424,35610.27090940811,Electronics,10,Delhi,Debit Card,46,Female,9,1745
38.45042974523951,8248.928404062914,Electronics,14,Hyderabad,Cash,48,Male,8,3220
15.870049639060088,6379.362599261272,Home Decor,13,Mumbai,Wallet,21,Female,16,8969
39.49695250700994,16595.729983004618,Footwear,5,Hyderabad,Cash,35,Other,8,8241
38.408306246833945,25818.033053269235,Footwear,6,Hyderabad,Cash,37,Other,2,5605
20.392112194600912,44072.26274337713,Footwear,24,Hyderabad,Wallet,26,Male,10,3422
36.03109895427838,37722.60813948386,Home Decor,2,Mumbai,UPI,30,Male,11,3013
33.91028406384241,38421.79345399915,Home Decor,22,Mumbai,Wallet,32,Female,9,9530
46.951005883132986,24147.200050163392,Electronics,17,Chennai,Cash,44,Female,16,3301
48.10561905205863,20567.074664613334,Clothing,4,Delhi,UPI,32,Other,16,7481
12.718240586322672,21696.74433430712,Footwear,14,Delhi,Credit Card,45,Female,10,8721
32.47675687758827,49444.230368122604,Footwear,10,Chennai,Wallet,54,Male,3,7002
47.55159494285418,6804.913613561712,Clothing,3,Chennai,Wallet,36,Male,6,6538
40.188175514805266,44016.417325510185,Footwear,25,Hyderabad,UPI,43,Male,13,6729
61.389390471299336,31040.393385757703,Home Decor,3,Chennai,Credit Card,43,Male,6,9949
49.5216178971367,24737.69386353157,Home Decor,15,Bangalore,Credit Card,42,Male,7,864
19.77606562488578,37636.59471868114,Footwear,6,Delhi,UPI,43,Other,0,2300
14.234124844025791,26900.10236411163,Home Decor,17,Chennai,Debit Card,43,Other,3,6458
48.54515669237894,44304.04571367473,Home Decor,12,Bangalore,Wallet,45,Male,11,9596
11.590678632497308,45531.58388050663,Footwear,22,Bangalore,Wallet,35,Female,2,7936
45.1465348764078,23977.441709305494,Electronics,20,Bangalore,Cash,49,Male,12,5293
66.41381448549745,17457.250875577323,Clothing,24,Bangalore,UPI,20,Other,19,8660
44.52845067255274,31655.7647867013,Home Decor,29,Hyderabad,Cash,19,Male,5,679
33.29019557239131,46056.35055275109,Electronics,11,Bangalore,Cash,50,Other,10,4373
48.59729310654119,14479.798505254996,Home Decor,25,Hyderabad,Credit Card,59,Other,3,4460
37.495173429491,33033.496260356726,Home Decor,4,Hyderabad,Wallet,36,Male,19,1686
42.7370073589561,33420.20990416342,Clothing,26,Bangalore,Cash,34,Male,15,1273
66.48788852659152,37990.08600868764,Home Decor,28,Delhi,Credit Card,50,Female,6,4960
33.16615826804646,10920.54583072669,Clothing,26,Bangalore,UPI,29,Other,10,852
67.67143382943485,37212.12341069398,Clothing,6,Bangalore,Cash,20,Female,0,7443
64.32103851736383,45906.463429953845,Clothing,1,Bangalore,Wallet,43,Male,6,5702
21.747468087357788,13085.73989916089,Electronics,20,Delhi,Cash,52,Other,11,5844
14.161678052509927,15689.449621574493,Footwear,23,Mumbai,UPI,25,Female,6,5007
16.0466800826456,48712.779231873785,Electronics,28,Mumbai,Cash,53,Female,6,5330
11.093309539092983,13143.96287192704,Footwear,16,Hyderabad,Wallet,24,Female,9,617
15.666577645355703,43447.32920163106,Footwear,15,Hyderabad,Credit Card,53,Male,15,981
50.98040640498141,27152.503540161564,Clothing,17,Delhi,Wallet,33,Male,7,4787
14.27131890761374,16125.398348142968,Home Decor,8,Chennai,Credit Card,41,Male,8,7302
29.13853781762568,44183.74555726301,Clothing,28,Mumbai,Debit Card,18,Other,8,8798
60.69251865816727,25038.736475119946,Home Decor,26,Hyderabad,Wallet,42,Male,1,4977
11.396316144149552,28166.780926836058,Footwear,12,Mumbai,Wallet,27,Other,12,7033
58.86810895533615,21165.501622989454,Clothing,27,Delhi,UPI,33,Female,12,743
26.911286486403995,31682.788314571735,Home Decor,22,Delhi,Cash,33,Female,3,7512
17.089889657299373,12358.574266326024,Electronics,21,Chennai,Credit Card,25,Male,11,1365
51.804229921849036,22598.66914932923,Home Decor,10,Chennai,Credit Card,46,Female,16,5829
47.73657080679304,48623.55450508794,Clothing,27,Delhi,UPI,56,Male,1,1103
62.64832081162318,16616.00447155074,Electronics,15,Hyderabad,UPI,45,Other,12,6256
54.104262628233144,34553.14990435815,Home Decor,30,Mumbai,Cash,23,Female,17,4518
58.208855823090914,19633.55289011127,Home Decor,9,Bangalore,Cash,33,Male,14,5692
26.92207435427839,39806.29065589703,Home Decor,2,Chennai,Wallet,37,Female,7,2515
20.646372626783368,10889.314732325744,Home Decor,5,Bangalore,Debit Card,33,Female,14,3880
55.0368850984515,48641.94702853451,Home Decor,6,Hyderabad,Cash,24,Male,0,4270
58.41008435603584,25420.529362263766,Electronics,7,Chennai,UPI,58,Female,19,6329
69.4303085200404,15622.270850590878,Footwear,21,Bangalore,Cash,31,Female,9,2113
34.757060614685585,8307.35362985057,Electronics,25,Hyderabad,Credit Card,43,Female,11,2379
32.32108514756699,12639.105728939332,Electronics,1,Mumbai,Debit Card,43,Female,4,5872
56.58477764451981,28389.827685020795,Electronics,23,Hyderabad,Wallet,31,Other,8,4608
30.44821241518107,20165.142939407884,Footwear,26,Chennai,Credit Card,24,Female,7,9791
65.84543953621389,42299.751464717425,Clothing,7,Delhi,Credit Card,50,Female,15,9766
61.504765110580706,24389.938564781267,Footwear,20,Mumbai,Debit Card,43,Male,13,9478
35.7396416425011,16192.142266443345,Electronics,25,Bangalore,Wallet,37,Other,12,648
55.052264067489844,32771.52439718135,Home Decor,30,Chennai,UPI,20,Male,12,2254
55.27257244508094,36804.97475984506,Home Decor,12,Delhi,Wallet,21,Male,4,7878
16.187432130155955,12516.885855542743,Electronics,16,Hyderabad,Cash,43,Male,15,7181
64.15317440077399,12542.864732974294,Home Decor,16,Delhi,Credit Card,28,Other,10,4256
40.315142346871426,6650.214212009434,Electronics,11,Chennai,Cash,19,Male,4,9871
59.587447966464495,38138.09067795382,Home Decor,21,Chennai,UPI,31,Male,12,9616
29.202976061836704,34871.20374298123,Footwear,4,Delhi,Cash,47,Male,10,5892
63.73139370977203,26358.389408741627,Clothing,13,Hyderabad,Wallet,29,Female,18,3552
33.35210072404979,42987.670203613874,Clothing,7,Delhi,Cash,43,Male,2,6192
10.6502590888179,41255.156882752395,Footwear,4,Chennai,UPI,50,Other,14,4718
64.32291858515582,31340.946397853848,Footwear,15,Chennai,UPI,30,Other,6,5303
15.477200607168013,44072.20762309664,Electronics,19,Bangalore,UPI,31,Female,6,2877
29.15881825542489,14262.854451654572,Electronics,9,Bangalore,Wallet,41,Other,5,5586
67.0037180230483,10036.382872897753,Electronics,11,Mumbai,UPI,51,Other,2,3682
67.03642881625336,17138.732518264533,Home Decor,8,Chennai,Credit Card,43,Female,12,3660
44.40627328739717,7568.908524019169,Electronics,1,Bangalore,UPI,38,Male,6,7076
47.91023273018796,28902.628760046442,Footwear,23,Delhi,Cash,45,Female,4,9403
36.90673131869919,47147.256153273265,Clothing,25,Hyderabad,Cash,53,Male,17,3086
27.59264630188387,6770.459330082934,Home Decor,24,Delhi,Cash,57,Male,7,3148
29.719872722194957,10494.946130451206,Electronics,8,Hyderabad,Wallet,19,Other,16,7813
50.35110736462231,25348.95627275459,Home Decor,13,Bangalore,Cash,59,Female,19,2217
55.1424717662608,47024.37578875572,Home Decor,22,Mumbai,Wallet,26,Other,0,5808
57.49474262355091,19227.02472395377,Electronics,27,Delhi,Wallet,40,Other,13,7907
57.37708856767323,27825.56639097766,Home Decor,4,Delhi,UPI,32,Male,16,1370
15.472366182921423,6870.778657267644,Clothing,8,Delhi,Credit Card,30,Other,9,4074
39.66521828215489,11675.444043294,Footwear,3,Hyderabad,UPI,40,Female,11,6327
13.453525600998656,49398.35553314811,Footwear,29,Bangalore,UPI,34,Other,15,8486
42.97173293942413,48430.34133962205,Clothing,9,Delhi,Wallet,19,Other,13,8962
36.49183008240262,5222.299142048432,Home Decor,29,Delhi,Wallet,37,Male,15,9241
63.262250965497984,47831.53034404575,Electronics,2,Mumbai,Cash,37,Female,7,6269
31.05490075312472,33760.39720169752,Home Decor,2,Mumbai,Cash,20,Other,9,6233
17.02402098565635,44056.323253400995,Clothing,28,Bangalore,UPI,29,Male,16,3740
18.57950092317015,25463.29350352366,Home Decor,13,Bangalore,Debit Card,57,Other,17,5393
55.690637903048334,28201.82128606626,Footwear,15,Chennai,Debit Card,19,Female,19,9976
47.09308379897566,26998.096111561408,Home Decor,28,Mumbai,Cash,53,Other,15,1386
16.067360567367416,35008.89158957469,Clothing,23,Chennai,Debit Card,31,Other,16,6354
15.046408366899847,11284.306464034082,Footwear,12,Hyderabad,Cash,33,Male,15,5818
52.0581478875472,6348.8115442705075,Home Decor,26,Chennai,Wallet,36,Other,18,2758
14.36578038185161,18856.84737160359,Home Decor,4,Delhi,UPI,51,Male,7,4882
59.31160355742137,36710.634323149105,Footwear,26,Chennai,Credit Card,23,Female,5,2285
52.374533629389774,14083.405345532676,Electronics,8,Bangalore,UPI,30,Other,5,8227
14.880926838513986,35304.45949962128,Footwear,9,Hyderabad,Cash,53,Female,8,795
15.090262845111514,48646.04207482717,Electronics,23,Delhi,Cash,39,Female,3,3097
69.19837471007052,9225.532210523827,Clothing,5,Chennai,UPI,35,Other,11,1180
32.45624774536722,35267.095320130684,Clothing,24,Hyderabad,Cash,29,Male,11,5390
32.23852882401346,24968.759868705703,Footwear,20,Hyderabad,Debit Card,47,Female,16,4798
58.76797403545015,44066.401446987744,Footwear,18,Delhi,Debit Card,57,Female,14,824
66.83491464303152,12971.740525132365,Clothing,11,Chennai,Cash,24,Other,8,8452
69.16006382937226,36168.1678501774,Electronics,15,Hyderabad,Cash,49,Other,6,1486
55.202691115536496,42715.18803416496,Clothing,28,Hyderabad,Debit Card,36,Other,9,3618
32.57557513185495,47507.63987633104,Footwear,22,Mumbai,Cash,23,Other,15,1260
15.010043001920126,35746.16127303406,Clothing,9,Hyderabad,Cash,37,Other,11,8258
56.628814955646206,27372.86438037923,Footwear,17,Mumbai,UPI,44,Other,6,9728
43.504254984148304,32803.12580905462,Footwear,27,Chennai,Credit Card,54,Male,17,1406
35.453320554818575,44100.72430154232,Clothing,26,Chennai,Debit Card,24,Female,14,5999
64.38126310568416,30677.438598747336,Electronics,12,Chennai,UPI,22,Male,5,864
16.67184893836908,6367.417686357659,Home Decor,7,Bangalore,Credit Card,28,Male,11,8269
39.55750625745155,46892.691297814,Clothing,10,Chennai,Cash,32,Other,10,3913
10.681218686045144,36028.70379642025,Home Decor,25,Hyderabad,Cash,20,Female,19,8527
38.11963851964758,35443.102359976096,Clothing,26,Delhi,UPI,22,Male,2,8439
13.378196540910242,14705.381857897273,Home Decor,25,Mumbai,Cash,40,Other,1,9761
17.129074976084315,34649.84616046958,Electronics,10,Bangalore,Wallet,54,Other,5,3581
17.05157480662629,22723.898254437132,Electronics,27,Chennai,UPI,26,Female,4,5948
48.95261812696381,34305.48396686715,Clothing,13,Chennai,Credit Card,32,Male,17,3758
54.7626927559254,9796.686363859582,Footwear,19,Delhi,UPI,20,Male,15,2607
45.00212590582958,34603.03870713662,Home Decor,11,Delhi,Debit Card,46,Male,7,8428
67.73035290847253,49973.61765967999,Footwear,13,Bangalore,UPI,23,Other,19,3433
32.49223477142225,7169.5417487250215,Footwear,21,Mumbai,Cash,34,Female,10,3329
27.142725176911643,48972.838289959276,Footwear,8,Chennai,Cash,43,Female,9,9133
62.115947691367616,23310.85823252918,Electronics,8,Bangalore,Wallet,38,Male,11,5506
23.41575031116716,44183.90526517666,Clothing,4,Hyderabad,Wallet,25,Other,5,2059
67.79335236643668,40207.346782622306,Clothing,15,Hyderabad,Wallet,38,Male,19,2241
10.729268481388981,30515.73174440005,Electronics,28,Bangalore,Credit Card,28,Female,4,6330
68.19272960245834,38230.2144163097,Electronics,11,Chennai,Wallet,55,Other,8,8023
12.589594717034567,44533.20025856065,Clothing,11,Bangalore,Credit Card,25,Male,15,1125
63.468586821884266,23186.314474296483,Footwear,1,Chennai,Wallet,59,Male,13,2190
41.66206654517799,19716.49227034574,Home Decor,17,Delhi,Credit Card,41,Other,7,8782
69.57788776715802,35041.702350361316,Home Decor,15,Bangalore,UPI,52,Female,19,6810
14.427793884123933,41353.067387356634,Home Decor,20,Chennai,UPI,31,Other,18,3506
43.231257064079244,39302.831064947706,Footwear,6,Bangalore,Cash,31,Male,13,4802
68.15815213714595,40901.61419863855,Clothing,24,Bangalore,Credit Card,27,Male,6,1588
41.38587065020893,24601.249166581983,Electronics,22,Chennai,Debit Card,29,Male,4,6507
47.763918288115754,41802.53972787597,Clothing,28,Chennai,Cash,55,Male,17,5111
51.74492133907703,10409.407491677379,Footwear,25,Mumbai,UPI,51,Female,1,9872
37.27246388606639,29502.00940823823,Electronics,15,Bangalore,Credit Card,58,Female,10,8428
47.6534848050438,5259.139722415471,Footwear,9,Hyderabad,Wallet,27,Male,7,4990
45.058858715386016,19606.362345512163,Home Decor,14,Bangalore,Debit Card,34,Female,0,8878
64.06948062945935,21490.769069212904,Home Decor,18,Bangalore,UPI,34,Female,11,2097
12.726782820487472,22827.771122416492,Footwear,26,Chennai,Cash,20,Female,1,4247
26.857791375533818,36296.0243010438,Electronics,17,Bangalore,Credit Card,48,Male,17,3170
67.02468904459352,22485.114557165558,Electronics,18,Bangalore,Debit Card,18,Other,6,8931
63.41582703345498,25191.21301801388,Clothing,5,Hyderabad,Credit Card,29,Other,16,3080
37.33940516714277,15689.485889344736,Home Decor,20,Chennai,Wallet,56,Other,13,7932
47.207955868092206,21796.330623320304,Clothing,20,Bangalore,Cash,21,Male,6,8830
26.64287097886796,15227.133226841815,Clothing,9,Delhi,Credit Card,59,Female,2,3006
21.28726958342568,8293.816569579963,Footwear,11,Mumbai,UPI,30,Female,5,5225
37.82190429639893,32155.186702162006,Footwear,24,Hyderabad,Cash,51,Male,19,4800
31.20113368156317,35069.57593497573,Clothing,22,Bangalore,UPI,59,Male,1,9259
45.01936671105233,32877.06557043265,Home Decor,1,Delhi,Credit Card,38,Other,16,7502
14.66407821789909,25857.231971025754,Footwear,18,Bangalore,Cash,39,Other,11,9573
68.46368845996999,22090.360108065343,Clothing,6,Bangalore,UPI,21,Male,11,6631
69.17264466877617,43850.01423073214,Clothing,27,Chennai,Wallet,35,Other,16,9331
51.88970284118471,28358.680331129814,Clothing,2,Chennai,Wallet,22,Female,9,5037
42.165781980647225,26563.184493337892,Clothing,15,Chennai,Credit Card,36,Male,2,2835
28.571656977179664,6153.892961289606,Clothing,29,Delhi,Cash,19,Male,19,4821
58.827701182416924,20356.152243177035,Clothing,26,Bangalore,Debit Card,29,Female,17,3485
51.083870353232754,22108.802845363567,Footwear,21,Mumbai,Cash,34,Female,12,1059
19.757016360693477,22947.02514036052,Home Decor,14,Hyderabad,Wallet,27,Female,11,1213
64.65563106963054,31107.75661522995,Clothing,5,Chennai,UPI,51,Other,16,5093
59.35223457539014,29012.11460270953,Electronics,6,Chennai,Debit Card,23,Male,3,4488
66.98799479751544,32355.729175705008,Footwear,6,Bangalore,Credit Card,25,Other,9,6703
53.543170503301596,39419.74676939577,Footwear,30,Bangalore,Debit Card,28,Female,10,756
46.80491175614739,41584.3582422242,Clothing,22,Delhi,Credit Card,29,Other,5,9268
35.09458217743713,37315.538430192246,Footwear,30,Delhi,Debit Card,26,Female,5,537
65.9637090012408,47998.56631797206,Clothing,18,Chennai,Credit Card,19,Other,8,9152
61.9638333700245,5820.466220436273,Home Decor,14,Bangalore,Credit Card,25,Other,14,2332
12.713120206371364,13810.009355759574,Home Decor,10,Mumbai,Debit Card,28,Female,1,8100
11.58201846983512,5340.329374016395,Footwear,14,Hyderabad,Debit Card,53,Other,3,5667
32.58780201268297,34136.362136957134,Footwear,13,Bangalore,Credit Card,27,Male,4,932
58.633199846909974,45411.37470274941,Electronics,30,Bangalore,Wallet,38,Other,16,4651
69.23656775889667,15956.703345933467,Footwear,3,Delhi,Debit Card,37,Other,7,6911
19.02501346621169,46716.5545158338,Electronics,30,Hyderabad,Cash,25,Male,7,2251
45.64784292112811,7712.032563030238,Home Decor,6,Chennai,UPI,53,Female,11,5497
32.85345139786129,47049.62120624814,Home Decor,29,Bangalore,Credit Card,46,Male,7,6220
68.19486386887618,20823.02092578355,Clothing,8,Chennai,Credit Card,59,Other,18,8116
60.52713538814252,9563.937280214745,Home Decor,12,Bangalore,UPI,29,Female,2,756
60.29972228266827,26864.229163384654,Electronics,13,Chennai,Wallet,31,Other,17,1171
38.12158958769822,16554.94554742286,Footwear,11,Hyderabad,UPI,38,Other,18,989
34.88917014025991,17819.28058828653,Clothing,12,Delhi,Debit Card,39,Male,18,7389
26.404424315842373,18828.048421682895,Electronics,1,Hyderabad,UPI,38,Male,14,2596
13.382529799055627,41136.16540246985,Footwear,17,Mumbai,Credit Card,47,Female,5,2182
61.883342575303196,29262.257450386453,Clothing,16,Delhi,UPI,56,Female,15,2960
58.77406054780465,19008.846462020163,Home Decor,11,Hyderabad,Cash,37,Female,7,5029
69.98306039716783,32465.020248991328,Electronics,13,Mumbai,Debit Card,41,Other,15,5621
69.79821022443431,37226.78034004371,Footwear,18,Bangalore,UPI,40,Male,17,2475
43.32590233615765,17268.08003300902,Clothing,11,Bangalore,Credit Card,24,Male,19,3716
56.13924491083063,23609.709568640817,Clothing,28,Chennai,Debit Card,26,Male,15,5015
66.68594379294568,10484.87420016264,Home Decor,12,Delhi,Credit Card,18,Female,10,6192
60.97884344064469,13151.720729060613,Footwear,6,Bangalore,Wallet,43,Male,6,5439
24.84088610459186,35650.30342842423,Home Decor,9,Delhi,Cash,55,Male,16,6063
37.03264811860561,13164.725646303214,Home Decor,16,Bangalore,Wallet,55,Male,16,3463
17.7495649090897,28632.352265017707,Footwear,4,Chennai,Cash,39,Female,11,5029
67.24306163552333,36907.08177750947,Footwear,3,Hyderabad,UPI,27,Male,12,7286
46.3704780670528,9809.461539263473,Footwear,28,Chennai,Debit Card,23,Female,9,6700
23.718568330207763,30529.04988330066,Electronics,16,Mumbai,UPI,34,Male,6,1476
50.30204106435141,16545.32526656137,Footwear,24,Bangalore,Cash,55,Male,13,7845
47.08769442747375,48331.709385691094,Clothing,27,Mumbai,Cash,41,Male,0,545
31.48976308197043,26759.554102396614,Home Decor,26,Mumbai,Cash,27,Female,16,1693
16.81345553197774,41269.664739882115,Electronics,30,Delhi,Credit Card,25,Female,3,5012
50.29439173556798,29760.19439703178,Footwear,25,Bangalore,Debit Card,38,Male,4,5443
41.2184620542276,6953.563978466862,Electronics,12,Mumbai,UPI,23,Other,19,6782
56.33910350413836,33491.81190173101,Footwear,11,Hyderabad,UPI,38,Female,6,746
41.209810066719605,47813.150399299564,Electronics,5,Mumbai,Wallet,56,Female,9,3719
61.13089001911241,32072.531906584903,Home Decor,25,Hyderabad,Cash,41,Male,16,9483
43.114410326469134,41863.49867420556,Home Decor,18,Delhi,Cash,50,Other,6,1136
43.656278292123176,44789.29085067835,Clothing,19,Mumbai,Cash,35,Male,0,4275
62.5992161595007,15263.589737701961,Clothing,23,Chennai,UPI,45,Female,6,2921
34.208971972743825,14542.017795870199,Footwear,23,Delhi,Wallet,49,Female,10,9780
18.04091370703844,32494.144498294627,Home Decor,6,Hyderabad,Credit Card,29,Male,8,4683
11.726960578800337,23496.28114130171,Electronics,22,Delhi,Debit Card,59,Male,11,1212
55.30823534041714,42793.75862900241,Electronics,18,Mumbai,Credit Card,44,Other,2,6345
47.21857308120788,45501.040552910505,Electronics,26,Bangalore,UPI,27,Other,3,5823
52.244786085953415,20903.962068622313,Clothing,6,Bangalore,Cash,59,Female,3,6532
22.777849690534644,15659.175153851693,Electronics,4,Hyderabad,Debit Card,49,Other,12,4144
18.182288535206187,40123.64818597378,Clothing,12,Hyderabad,UPI,59,Other,18,8273
10.872679940072915,17366.271599666125,Clothing,19,Bangalore,UPI,43,Female,9,2608
31.03525352839582,42017.644333115524,Footwear,29,Hyderabad,UPI,42,Female,4,4114
45.395061211277984,24068.221414194326,Electronics,27,Delhi,Debit Card,28,Female,6,9934
33.53464270598394,35039.745468116176,Electronics,29,Chennai,Debit Card,40,Female,15,7457
36.248495321423746,9299.089122560068,Home Decor,2,Chennai,Wallet,51,Male,0,5779
64.2495216696249,33073.66961044578,Footwear,17,Delhi,Wallet,57,Female,11,4832
30.895328021398022,25329.54554317531,Home Decor,11,Chennai,Credit Card,40,Female,1,4400
40.83936934958865,31397.380842896335,Footwear,11,Mumbai,Debit Card,46,Female,6,8439
57.01918076446859,12560.639348518853,Electronics,21,Delhi,Debit Card,48,Other,10,7463
33.79256693927621,38159.318522488196,Clothing,16,Hyderabad,Debit Card,24,Female,12,5068
47.32520201367241,43825.86848944528,Clothing,2,Delhi,Wallet,57,Male,1,8338
61.74182252480471,14753.291004084904,Clothing,2,Bangalore,UPI,50,Male,6,2345
66.97123741945853,9307.154998407277,Clothing,23,Hyderabad,Cash,38,Female,14,882
18.824408855742277,6063.736372085138,Clothing,8,Bangalore,Wallet,19,Male,10,4612
65.59525750968967,33888.71751994697,Home Decor,13,Hyderabad,Debit Card,35,Other,1,7569
39.52697758477229,32319.231623995136,Footwear,10,Chennai,Wallet,50,Female,6,4310
25.4946632979375,29601.383572133152,Electronics,8,Delhi,Credit Card,54,Male,3,2009
37.54814537429568,15437.619325218893,Home Decor,30,Mumbai,Debit Card,51,Male,10,8073
68.80195451712862,22590.76981574816,Footwear,4,Hyderabad,Credit Card,37,Female,1,2078
39.55708563957218,31751.435083377786,Clothing,15,Hyderabad,Debit Card,52,Male,15,1379
29.725096617250493,27354.50864866262,Footwear,30,Bangalore,Wallet,35,Female,6,2662
48.004051259003546,49450.34840966993,Footwear,1,Chennai,UPI,41,Male,12,8214
24.408737126691584,11139.788865052991,Clothing,11,Bangalore,Cash,25,Other,4,1859
14.551799686519836,36281.50493214172,Clothing,7,Bangalore,Credit Card,47,Male,16,4931
17.732783314638954,23194.344564693147,Clothing,17,Chennai,Wallet,27,Male,11,8648
17.682750337466345,24268.982671652666,Electronics,27,Mumbai,UPI,40,Female,18,4460
19.11416161073766,37291.89945461793,Clothing,20,Bangalore,Wallet,28,Male,6,4311
18.329630358964607,36159.62680959664,Electronics,24,Bangalore,Credit Card,19,Female,5,4742
48.452484688192875,49606.51971659847,Clothing,18,Hyderabad,Cash,43,Other,7,4717
20.91280506394869,10777.743025435637,Electronics,22,Chennai,Wallet,53,Female,12,580
30.740036999431794,9684.934222287484,Footwear,29,Delhi,Debit Card,50,Female,4,3232
63.80730459436071,37595.246770793354,Home Decor,22,Mumbai,UPI,30,Male,1,8333
38.437698415772346,31027.41126528841,Footwear,12,Mumbai,Wallet,57,Other,8,3209
50.05346431126163,17337.229995191265,Footwear,9,Chennai,UPI,42,Female,10,2922
20.33919227209779,8573.871604504397,Clothing,5,Hyderabad,Debit Card,21,Male,5,4141
21.537341128520247,8854.621231839374,Electronics,10,Hyderabad,Cash,59,Male,6,1167
12.452116975988732,45238.58935988532,Home Decor,4,Chennai,Cash,36,Female,6,2996
20.136103784329872,13634.029612343431,Clothing,5,Hyderabad,Debit Card,35,Male,18,3999
26.71542034191752,19551.720295198436,Clothing,28,Mumbai,UPI,54,Female,5,8580
20.62062905660481,15199.53810021446,Clothing,28,Mumbai,Wallet,47,Female,10,7323
15.322152025423337,20974.833762437178,Footwear,10,Delhi,Debit Card,36,Female,10,1689
17.23815226603605,8124.072923574202,Electronics,11,Chennai,Credit Card,40,Other,6,7104
37.64672608196355,28357.690590872167,Electronics,21,Bangalore,UPI,33,Female,1,9150
22.38002310434755,8042.565361649671,Home Decor,24,Bangalore,Cash,18,Male,18,9904
31.856191662884527,41016.04285200627,Electronics,10,Delhi,Debit Card,29,Other,3,9603
40.20503625129142,15517.043685969486,Electronics,28,Delhi,Cash,41,Male,5,1525
51.42368971776192,29300.536157202976,Clothing,8,Hyderabad,UPI,51,Other,16,8285
12.358728390465936,44603.55894026562,Clothing,2,Delhi,Cash,25,Other,4,571
57.96462393454256,34289.48160712374,Footwear,23,Delhi,Debit Card,35,Other,6,6046
47.67402336945447,28983.100394810088,Clothing,8,Bangalore,UPI,22,Other,8,3185
14.905541916932314,19595.018890191903,Clothing,16,Hyderabad,Credit Card,43,Male,0,9885
62.414717446406634,19985.086087618907,Clothing,27,Delhi,Debit Card,47,Female,0,7872
65.25234403190879,35126.912983918555,Clothing,22,Delhi,Wallet,30,Male,18,2348
13.664677591291825,49736.27125495254,Footwear,5,Hyderabad,Debit Card,36,Female,5,2522
26.61265888883222,34782.76354322204,Clothing,27,Chennai,UPI,46,Male,17,6838
58.37207678758368,30100.25378165112,Home Decor,25,Hyderabad,Debit Card,20,Other,9,4241
54.8955814230195,37879.27296076607,Home Decor,29,Bangalore,Credit Card,43,Other,10,1798
21.07126116138264,25934.252552767317,Home Decor,3,Chennai,Credit Card,57,Female,0,4602
22.56095940020262,7706.405417035335,Home Decor,12,Mumbai,Wallet,29,Female,0,1404
32.22832616748292,30303.356714505942,Clothing,13,Hyderabad,Cash,19,Male,12,3526
39.07137911146128,48093.13780274211,Home Decor,13,Bangalore,UPI,28,Female,4,7209
47.09528629181776,12888.632406094683,Clothing,10,Chennai,UPI,45,Male,19,5211
32.134818374186345,36050.220086929956,Footwear,4,Hyderabad,Cash,35,Female,0,8521
37.75208296798887,14042.01598965754,Home Decor,9,Delhi,Credit Card,30,Female,19,6469
54.84825628802539,29112.245801288656,Electronics,22,Hyderabad,Credit Card,54,Female,2,3120
12.200992173435875,9350.440234102383,Home Decor,24,Mumbai,Debit Card,39,Other,17,3146
25.146216660641244,25266.692131618332,Home Decor,23,Hyderabad,Wallet,29,Other,8,5365
52.800975153073146,39027.34980028607,Clothing,27,Chennai,Wallet,19,Male,13,7845
63.71241026123196,20640.718590754193,Home Decor,2,Chennai,Wallet,54,Female,16,2789
40.70064652693996,34921.02760192481,Electronics,19,Hyderabad,Debit Card,24,Male,13,7870
41.92680911591894,40795.248235537816,Clothing,1,Chennai,Wallet,43,Female,3,4372
16.430320680386565,46723.00187657537,Clothing,25,Delhi,Cash,43,Other,4,8190
36.84474200940728,15558.89368349541,Footwear,29,Hyderabad,Debit Card,41,Other,16,1940
41.95703598730139,22969.216211418865,Footwear,7,Delhi,Cash,29,Female,1,1265
24.54823021808378,11858.720599868784,Home Decor,17,Delhi,Debit Card,33,Female,4,4592
26.154593856962858,49661.75759712688,Footwear,3,Bangalore,Wallet,40,Other,3,9841
32.63704978627736,46715.043556593286,Footwear,20,Hyderabad,Cash,57,Other,3,3166
11.204271866663582,29298.07086262518,Footwear,20,Chennai,Cash,26,Male,5,9155
29.3247499349907,42891.49824693896,Clothing,21,Delhi,Cash,49,Other,19,6468
22.68688041979268,28443.1089772419,Clothing,30,Bangalore,Debit Card,32,Female,12,8141
29.64984113067488,33061.35596012419,Clothing,3,Hyderabad,UPI,54,Male,4,2681
17.185727909155073,9010.599445220749,Footwear,3,Hyderabad,Wallet,30,Female,6,4388
63.431636844393694,38987.16892235636,Clothing,17,Mumbai,Cash,22,Male,19,1340
45.61554721324292,10747.106763585567,Footwear,7,Mumbai,UPI,28,Female,0,6399
50.74613914866938,42173.04336136378,Clothing,27,Delhi,Wallet,27,Other,13,4618
57.3502743164403,40191.26394516737,Clothing,26,Mumbai,Wallet,30,Female,3,1065
39.90653193574344,36893.51139843394,Electronics,14,Delhi,Cash,58,Male,16,6505
15.215217285245421,6627.217123614295,Home Decor,17,Chennai,Cash,32,Female,13,9656
42.22639250911287,18640.776017539785,Footwear,18,Delhi,Debit Card,59,Male,15,9687
45.210467081252744,16840.06564598793,Electronics,13,Mumbai,UPI,24,Female,13,7726
54.7263684510598,21206.13833621836,Clothing,20,Chennai,UPI,57,Other,15,9879
35.89957277378076,8943.923604372734,Footwear,29,Mumbai,Cash,45,Other,19,6390
17.654818167733826,47163.102036397824,Clothing,20,Delhi,Wallet,49,Female,7,4811
27.02655434792347,29921.10083205693,Home Decor,21,Bangalore,Cash,52,Female,2,8236
31.784937783918107,18748.59397961106,Electronics,27,Hyderabad,Wallet,32,Female,18,9348
48.755034479896075,22864.168268342753,Home Decor,18,Mumbai,Wallet,53,Male,0,3482
44.246698280134716,25124.114322717603,Electronics,4,Delhi,Cash,38,Female,1,9805
31.365803553870776,32026.745001227777,Clothing,1,Chennai,Credit Card,23,Female,14,6583
69.19091492757877,28205.5742463424,Home Decor,18,Mumbai,UPI,18,Male,9,1056
46.34648916141323,46372.63879464878,Home Decor,1,Mumbai,Wallet,21,Other,17,3519
24.233607504159668,27363.35673076236,Clothing,26,Hyderabad,Wallet,28,Female,13,3080
16.106948357224226,49647.11066704907,Home Decor,26,Delhi,Credit Card,43,Female,16,8646
19.171548351059922,43314.12309852931,Footwear,13,Bangalore,Debit Card,54,Other,12,8743
24.75746370307049,14382.973146080112,Electronics,20,Chennai,Credit Card,40,Other,0,9886
19.640882395573342,46876.784658976234,Electronics,20,Delhi,Credit Card,46,Male,4,4519
21.194021443078345,10236.487904846424,Electronics,23,Chennai,Wallet,38,Female,12,3638
27.105710121630825,41785.23688210362,Footwear,10,Mumbai,UPI,44,Female,13,1171
20.40241571768529,22128.048206446103,Electronics,27,Hyderabad,Credit Card,56,Male,2,1277
63.80592547758551,44508.84442002813,Clothing,11,Hyderabad,Debit Card,57,Other,14,5427
14.814024739698532,44062.55105483527,Home Decor,9,Bangalore,Cash,30,Male,18,3522
41.470683374215284,41266.64300529295,Footwear,9,Hyderabad,Credit Card,40,Other,16,2360
34.62380961937969,40551.36963381776,Electronics,5,Mumbai,Credit Card,33,Male,2,3639
68.94271701451638,18710.561259411836,Clothing,26,Bangalore,Debit Card,47,Other,15,1574
16.72233413008314,8641.367737306347,Home Decor,1,Delhi,UPI,21,Male,13,9975
33.871335942744494,23134.108044432265,Home Decor,17,Hyderabad,Credit Card,57,Other,11,7263
68.16822599652212,12808.60317439289,Footwear,22,Bangalore,Credit Card,33,Other,11,2486
61.930427553638815,36272.79900061077,Footwear,2,Mumbai,UPI,48,Other,10,9693
59.024324256956795,20574.487694200347,Footwear,24,Chennai,Debit Card,59,Other,16,6827
25.47416962269639,48902.45903869617,Clothing,13,Chennai,Credit Card,42,Other,7,1546
20.25325524340395,33843.74348053994,Clothing,9,Mumbai,UPI,29,Female,16,2676
50.11859319546586,42011.62536354624,Footwear,29,Mumbai,Credit Card,43,Other,19,2838
65.76255934765516,10963.61027338318,Electronics,4,Chennai,Cash,54,Female,10,1000
43.405773580835785,43790.65170226801,Home Decor,5,Bangalore,Wallet,50,Other,1,2733
44.29676136819399,46524.073573102745,Home Decor,11,Chennai,Cash,45,Female,9,5108
26.79874561961705,26917.786346852117,Clothing,24,Mumbai,Credit Card,26,Female,9,7734
56.16957599151621,32281.382198793985,Home Decor,19,Hyderabad,Debit Card,29,Male,10,8472
21.2226249134514,39416.441040634796,Electronics,21,Delhi,Wallet,22,Other,5,7110
29.42075418425462,12867.738226718564,Home Decor,3,Hyderabad,Cash,45,Male,3,1100
35.526186316985005,27615.47344085491,Clothing,12,Hyderabad,UPI,52,Male,11,4784
40.456622721067305,22939.83624975409,Clothing,26,Mumbai,Debit Card,22,Other,10,9680
24.544583944904815,11586.829647301209,Electronics,19,Chennai,Cash,51,Male,12,4983
16.890209484352212,21539.049003118915,Electronics,19,Bangalore,UPI,51,Other,4,6401
46.63720254649795,8067.75392234721,Home Decor,13,Hyderabad,Credit Card,30,Male,5,6629
27.317833194415346,6161.535812726915,Home Decor,28,Chennai,UPI,56,Other,0,2254
44.874293285356735,11082.483011967024,Clothing,7,Bangalore,Cash,59,Other,5,2964
19.26176291645214,48340.180021512824,Electronics,15,Hyderabad,Cash,31,Other,17,4982
38.86840611128905,29728.829115275763,Electronics,23,Bangalore,Credit Card,28,Female,8,9544
41.95536595309515,48461.9972518949,Electronics,7,Chennai,UPI,59,Male,14,7900
13.109412209345614,24462.404524855938,Home Decor,26,Delhi,UPI,55,Female,7,7306
30.196256691635234,19031.725988836683,Electronics,8,Chennai,Credit Card,21,Male,18,9143
18.064880616338456,27776.383827810983,Clothing,5,Mumbai,UPI,50,Male,15,7896
13.802498228366066,24778.025988480957,Clothing,21,Bangalore,Credit Card,24,Male,5,7838
69.39761394339672,9754.910791778475,Home Decor,14,Delhi,Debit Card,58,Female,5,5741
29.34123069848338,33837.18416105928,Footwear,4,Bangalore,Cash,25,Male,2,7894
58.59246675127809,14721.718212931983,Home Decor,23,Bangalore,Debit Card,54,Female,9,6937
25.278439285825833,32881.457970402334,Footwear,10,Hyderabad,Wallet,27,Other,0,5195
50.89016333343576,34259.0491579169,Electronics,20,Mumbai,Wallet,32,Male,13,3088
55.61367159338119,11841.118390789165,Home Decor,15,Bangalore,Wallet,55,Male,3,2282
45.738324436470656,7760.733219980068,Clothing,18,Chennai,Credit Card,32,Other,11,6447
38.2945713130095,40134.27137307979,Electronics,20,Chennai,UPI,22,Other,5,7094
34.71045484883611,25691.019069619408,Clothing,13,Hyderabad,Debit Card,46,Male,10,4020
30.93209599257972,7617.370797746411,Electronics,29,Mumbai,Debit Card,36,Other,11,3718
65.77174865486955,49768.98427263952,Home Decor,8,Mumbai,Debit Card,27,Female,9,4257
59.83716446726375,7600.1252448364985,Footwear,9,Chennai,Debit Card,29,Female,17,4516
67.90161463999075,36276.58529863489,Electronics,16,Delhi,Wallet,21,Male,6,3337
17.457833409132682,49265.55163685361,Footwear,19,Hyderabad,Debit Card,48,Female,6,6500
53.85204851221866,15763.104689716653,Electronics,16,Hyderabad,UPI,35,Female,10,7534
66.30042740926227,11401.221590923828,Clothing,7,Chennai,Wallet,33,Male,3,7809
20.87398396993961,10462.3222740093,Clothing,14,Chennai,Debit Card,57,Other,19,4739
13.98977604200665,18647.3816405418,Electronics,28,Delhi,Credit Card,53,Male,0,4928
54.467238957403545,9547.061495479102,Footwear,14,Delhi,Cash,42,Female,12,4650
44.46838679079471,36147.260376235936,Home Decor,25,Mumbai,Cash,40,Male,17,1946
60.509726605496326,7803.130915852821,Home Decor,27,Hyderabad,Cash,29,Male,8,6968
18.386342597577368,27923.995766740536,Clothing,4,Hyderabad,Wallet,51,Female,8,6290
57.71603871159341,49851.35842338396,Home Decor,26,Chennai,Debit Card,53,Female,8,4675
22.09763920286467,41628.66212777085,Clothing,15,Mumbai,Wallet,54,Male,9,5580
19.819356571942272,32684.874720395488,Home Decor,3,Hyderabad,UPI,20,Female,1,1364
19.855947875859577,18781.412935397526,Electronics,5,Mumbai,Credit Card,26,Female,5,7360
58.874483213882925,33075.31263312373,Clothing,1,Mumbai,Credit Card,35,Female,14,9163
49.91183324177201,28716.865876024323,Clothing,3,Chennai,Cash,52,Female,2,6717
41.38392548614716,24173.752275066716,Electronics,15,Mumbai,Cash,51,Female,10,6172
31.52982904741015,10881.966953308976,Clothing,24,Delhi,Cash,58,Female,5,2002
62.6320324487865,44897.189685821,Home Decor,27,Delhi,Debit Card,31,Other,2,5184
33.546706445358126,25240.30919695951,Home Decor,8,Bangalore,UPI,21,Male,10,1910
58.995966368294624,13758.013031934428,Clothing,29,Chennai,UPI,46,Female,14,4270
36.3480945142131,21549.170789478034,Home Decor,4,Bangalore,UPI,58,Male,12,5159
32.61666576549445,23635.838863801717,Footwear,2,Delhi,UPI,32,Other,19,4501
37.76078714017639,42239.20530050934,Clothing,29,Bangalore,Cash,45,Female,9,3983
28.082672449848523,38012.647125263094,Electronics,24,Chennai,Credit Card,59,Male,5,5062
54.85656281057507,39618.72021386029,Footwear,24,Chennai,Cash,33,Female,14,1098
40.16322340554875,5496.406899289124,Clothing,10,Mumbai,UPI,29,Female,17,9683
23.93276170880904,23726.929918089267,Electronics,4,Hyderabad,Cash,22,Female,17,3541
63.97447439647411,26660.486823589563,Home Decor,3,Mumbai,UPI,51,Female,6,8660
33.033473282392684,5863.652457037551,Electronics,2,Chennai,Wallet,59,Female,14,6891
42.613171666839314,16691.59439352654,Footwear,25,Delhi,Credit Card,18,Female,17,7787
64.38832665787282,39213.042040496075,Home Decor,17,Delhi,Wallet,56,Female,17,566
47.454279754839526,11169.936757804957,Clothing,23,Mumbai,Debit Card,49,Other,19,8623
17.013882442501846,29088.955915366623,Home Decor,21,Chennai,Cash,43,Other,8,3250
66.3899274168085,14684.084240775688,Clothing,24,Delhi,Debit Card,34,Female,1,9161
47.66248318428507,5545.434858975197,Clothing,20,Chennai,Cash,44,Female,7,7306
30.094336879425168,15854.065591979366,Electronics,23,Delhi,Wallet,41,Other,19,6929
18.356324359803235,48914.31897095242,Electronics,13,Chennai,UPI,52,Other,1,8623
57.641511356217755,41069.17003473453,Electronics,5,Bangalore,UPI,59,Other,10,2131
47.20436535571081,48180.9489944465,Footwear,30,Chennai,Cash,56,Female,6,6952
42.007665518579294,26953.431976686312,Footwear,21,Chennai,UPI,43,Male,5,1274
63.63355498305746,9938.128940487659,Electronics,30,Mumbai,Wallet,55,Male,9,6607
57.315832673471846,29658.17700381618,Footwear,9,Bangalore,UPI,40,Male,4,8304
19.10049278396507,25446.98005519824,Home Decor,25,Hyderabad,Wallet,39,Male,10,4519
28.703324067732893,42996.06872328272,Home Decor,29,Mumbai,Debit Card,21,Female,0,1429
24.909348388867944,9413.716135291006,Footwear,25,Hyderabad,Wallet,26,Male,1,3512
54.63677755436062,26970.851165980017,Footwear,28,Delhi,Credit Card,21,Other,0,5524
12.011946084146762,11752.189911229292,Home Decor,22,Hyderabad,Credit Card,24,Other,18,6764
44.19338109227899,19610.416710052697,Clothing,6,Chennai,Credit Card,40,Male,1,8473
55.747521144441436,38181.06848245098,Home Decor,5,Hyderabad,Cash,19,Other,19,5229
62.605938205704966,26420.815821594493,Home Decor,25,Mumbai,Cash,41,Female,3,8461
30.52490492295445,21914.97283155962,Footwear,10,Mumbai,Cash,57,Male,11,3319
59.27543828032077,22751.432535651587,Home Decor,8,Hyderabad,Wallet,48,Male,19,7155
16.637904217312432,25675.1045782694,Footwear,7,Mumbai,Cash,48,Female,17,1684
60.78713750407109,40325.74447266756,Footwear,7,Mumbai,Debit Card,57,Other,0,8980
17.649319739918944,45143.81100231055,Electronics,6,Hyderabad,Credit Card,51,Female,0,6843
33.837237433622036,47990.060892676775,Home Decor,21,Bangalore,Wallet,41,Female,13,1027
57.837721946773215,40410.65238148828,Clothing,29,Bangalore,Credit Card,43,Other,3,1416
18.995045640926428,19193.310308660573,Electronics,20,Delhi,Cash,33,Female,4,4074
23.75508371395849,35966.0617738944,Footwear,3,Mumbai,Wallet,30,Other,10,3819
53.335154103583974,24692.140582492637,Footwear,19,Hyderabad,UPI,32,Other,12,1906
53.202192192764464,16460.177992072306,Clothing,22,Mumbai,Debit Card,44,Female,15,1741
48.468857973117835,42839.22107416652,Footwear,15,Chennai,Cash,21,Other,12,5706
51.636906668026,6729.185703304625,Home Decor,4,Mumbai,Cash,33,Female,1,7749
42.56346660085577,45579.28964609406,Electronics,28,Mumbai,Debit Card,47,Other,15,3633
25.107943534417167,25766.485908113038,Footwear,12,Bangalore,Debit Card,47,Male,5,1298
30.741759610235167,33674.06645637262,Footwear,6,Hyderabad,UPI,53,Other,13,2023
20.89586300808554,34670.926499260226,Clothing,19,Mumbai,Cash,20,Other,0,7709
64.5070336800177,45280.29833179414,Home Decor,4,Bangalore,Cash,39,Female,16,5428
45.00350768596723,33650.135697524325,Footwear,15,Delhi,Credit Card,39,Other,10,3388
34.05108500581839,32627.01131420278,Clothing,9,Bangalore,Wallet,29,Male,18,3190
37.720348218647956,7999.3418252310485,Footwear,5,Bangalore,Wallet,38,Male,2,4591
66.83700037670891,28328.360987534183,Clothing,13,Bangalore,Credit Card,21,Other,10,7782
19.201084186964813,11757.605036766874,Clothing,23,Mumbai,Wallet,48,Other,4,9933
45.17378992100783,38184.51959246685,Home Decor,26,Mumbai,Debit Card,48,Male,16,6749
40.35332073306796,28049.98643657035,Footwear,18,Delhi,Wallet,40,Female,6,1190
46.68725412607887,35610.2500643759,Home Decor,30,Chennai,Wallet,37,Male,9,9219
11.086611029250431,6875.280527107292,Clothing,30,Chennai,Credit Card,32,Male,10,1995
62.327434536649086,8815.640722061145,Electronics,5,Chennai,UPI,40,Other,2,1392
65.92709694901674,37234.552462820706,Footwear,25,Delhi,Wallet,45,Other,19,9078
43.907991015352536,8243.795119940301,Electronics,16,Chennai,Wallet,33,Male,9,9941
51.799049432613536,8206.552749436636,Footwear,27,Chennai,UPI,54,Female,9,6373
65.34996287063774,5544.881385569935,Home Decor,19,Bangalore,Credit Card,38,Male,13,5003
52.43431805880392,48042.5629234766,Home Decor,14,Mumbai,UPI,32,Male,11,1397
19.15234257485568,38187.876175655314,Home Decor,25,Mumbai,Credit Card,34,Female,14,1210
44.57730161000879,20896.31338259289,Home Decor,30,Bangalore,Debit Card,54,Male,9,4195
46.40290278297135,18344.101157944486,Home Decor,16,Bangalore,Credit Card,30,Male,9,3186
35.44784027814316,20736.64533856323,Electronics,27,Bangalore,Debit Card,36,Other,18,7688
54.18665413748337,39859.408903153184,Home Decor,15,Mumbai,Debit Card,47,Female,0,6278
66.06202088614089,34761.67749816865,Clothing,22,Chennai,Credit Card,35,Other,9,8268
65.53411077440657,13333.800554036057,Clothing,4,Bangalore,Cash,31,Other,1,5513
37.050362284247925,12834.920090033796,Electronics,7,Delhi,Credit Card,53,Female,16,5012
16.794282750445316,9427.804237102879,Footwear,16,Bangalore,Wallet,53,Female,6,915
69.09047193774008,34713.622386560215,Clothing,24,Hyderabad,Wallet,37,Male,6,4680
60.33388518675605,39396.769799978116,Footwear,22,Bangalore,Cash,36,Other,19,4762
17.47976087219601,16927.08927462518,Electronics,21,Mumbai,Debit Card,24,Female,8,3015
65.25051295704233,5942.523246391076,Footwear,22,Bangalore,Cash,21,Other,1,9787
62.193781723727696,8697.725036439231,Footwear,21,Hyderabad,Wallet,51,Other,13,9501
41.13028342756432,48553.70156802637,Footwear,8,Delhi,Cash,19,Female,16,6140
45.476526144695754,18295.01498648391,Footwear,17,Chennai,Credit Card,22,Male,0,7116
33.94016223220781,39615.04165271601,Electronics,16,Bangalore,Cash,27,Other,8,1492
13.28569832932188,33109.86059844187,Clothing,27,Hyderabad,Debit Card,49,Female,19,9973
30.111834498754057,22187.283784380317,Home Decor,23,Hyderabad,Credit Card,59,Male,18,4870
58.17120691588069,14255.92679879998,Footwear,10,Delhi,UPI,58,Other,3,2273
10.277921380276172,10462.38881717329,Clothing,10,Mumbai,Wallet,30,Female,7,4061
30.00995030146865,32675.583561748997,Clothing,27,Bangalore,Wallet,56,Other,12,4316
33.8901216154566,39858.52012870046,Electronics,2,Hyderabad,Cash,22,Female,3,7133
42.24373617627537,33975.69140935088,Clothing,30,Delhi,Credit Card,27,Female,8,2256
65.19133698476563,28863.595996212123,Electronics,9,Chennai,UPI,27,Other,8,2873
30.780759661957674,6887.805054423632,Footwear,17,Hyderabad,Credit Card,55,Other,17,3076
30.81719211377366,48581.99499174727,Footwear,11,Delhi,Wallet,44,Female,11,9583
54.250074886584905,40942.13862445585,Home Decor,10,Mumbai,Credit Card,38,Male,9,4684
37.133076453388426,18176.991651543412,Home Decor,22,Mumbai,UPI,25,Other,10,9399
23.476289376398917,49098.66482114828,Home Decor,25,Hyderabad,Cash,18,Female,6,2897
37.1463709679616,32084.671533634493,Clothing,17,Hyderabad,Debit Card,45,Female,8,6469
18.451421222787992,31209.019619326093,Footwear,4,Bangalore,Credit Card,56,Male,5,5035
20.5832191903734,38663.29307432895,Electronics,16,Delhi,Debit Card,31,Male,18,7383
39.902066364368785,41529.64046405619,Home Decor,20,Hyderabad,Wallet,38,Male,15,8627
35.13552697027288,34541.53732991762,Electronics,15,Bangalore,Cash,47,Other,14,9668
64.890754064086,10764.308586479001,Electronics,25,Bangalore,Cash,38,Female,6,1234
31.74363394699799,20222.037769752427,Home Decor,27,Hyderabad,Credit Card,26,Female,15,1132
44.83530101668261,46763.76381467224,Footwear,21,Mumbai,Cash,34,Female,4,4768
47.93585727517182,15107.702532973337,Home Decor,5,Delhi,Credit Card,22,Male,15,4599
10.785667395300019,21747.5160726881,Electronics,6,Delhi,Credit Card,48,Female,0,3401
49.812242321002635,24443.45973248882,Home Decor,17,Mumbai,Debit Card,57,Other,18,2163
20.682158012185084,24773.22453625035,Electronics,1,Hyderabad,Cash,55,Male,4,6091
67.66421904816731,32582.28121225365,Electronics,25,Delhi,Credit Card,36,Male,6,4372
18.919763665186778,47438.41269851184,Home Decor,19,Hyderabad,Debit Card,53,Male,18,1554
34.87744742362142,15831.172032462722,Clothing,4,Hyderabad,UPI,50,Male,4,9072
15.120980084718632,10467.561933541314,Home Decor,17,Bangalore,Debit Card,30,Other,16,3582
69.81245511075684,13886.17204369718,Clothing,9,Mumbai,Debit Card,31,Female,7,8507
40.13170061987455,44911.62050941713,Electronics,24,Hyderabad,Credit Card,50,Other,0,4761
45.723101039202625,34061.486569484274,Electronics,2,Chennai,Wallet,46,Female,1,2889
14.024588643305648,17865.805515762208,Clothing,8,Mumbai,Wallet,53,Other,14,4053
54.99762822395067,41717.61225358777,Electronics,15,Delhi,Wallet,27,Male,19,5638
22.594335585735145,43761.64983635462,Clothing,7,Bangalore,Debit Card,48,Male,17,9899
63.88325736644283,43093.14524106251,Clothing,27,Delhi,Credit Card,23,Other,10,1044
22.30837842892043,46351.694013779954,Electronics,6,Delhi,Cash,18,Other,9,4163
21.441263239819996,16350.845907801271,Footwear,1,Mumbai,Debit Card,24,Female,3,2739
12.192980070885692,38976.886793582526,Clothing,15,Delhi,Debit Card,44,Other,4,4273
38.324016706599956,25724.2773773363,Home Decor,23,Hyderabad,Credit Card,38,Other,3,3127
43.890467995756985,42889.934880052766,Home Decor,26,Delhi,UPI,45,Female,12,7118
13.942518365701142,37782.080472272595,Electronics,7,Bangalore,Debit Card,33,Female,12,7280
56.53165700170064,39940.13509248761,Footwear,29,Bangalore,UPI,40,Female,17,8515
37.197330084881656,34527.28269564822,Electronics,30,Chennai,UPI,37,Other,1,3630
41.4634161596548,12984.294626136809,Footwear,25,Bangalore,Wallet,55,Female,15,596
36.44576481629369,29526.211350362224,Clothing,17,Delhi,Credit Card,42,Male,0,4358
34.04578365251956,49310.13827860287,Clothing,2,Bangalore,UPI,45,Male,18,3208
43.57841987849307,47182.462992370354,Clothing,27,Mumbai,Credit Card,22,Male,8,5897
19.31441475584275,6942.818110865525,Clothing,9,Bangalore,Wallet,38,Other,2,6652
20.91568782971627,12416.666707824672,Home Decor,29,Hyderabad,Credit Card,35,Male,6,956
61.70713726081104,10927.794805455287,Home Decor,9,Mumbai,Debit Card,23,Other,9,6414
66.76692772801796,37669.0959493383,Electronics,13,Chennai,UPI,46,Other,0,4868
32.398558976785175,41800.33984356253,Footwear,6,Hyderabad,Credit Card,36,Male,9,4588
26.244680388613226,14608.011483980235,Clothing,6,Delhi,Cash,50,Female,8,9723
48.639972594340946,27763.371182832307,Clothing,20,Delhi,Credit Card,18,Other,14,8899
34.52405026588578,42831.636260504,Footwear,20,Delhi,UPI,20,Male,14,2437
11.523181339620692,37976.06951448128,Footwear,21,Hyderabad,Wallet,59,Other,2,1646
19.36915584197142,29400.674247133175,Electronics,3,Hyderabad,Wallet,38,Female,4,5652
52.958333730843854,31565.64607064478,Footwear,17,Hyderabad,UPI,52,Female,8,4799
49.53543651460908,27876.2246112326,Clothing,17,Mumbai,Debit Card,58,Male,8,8618
11.62575955020901,18389.680309346928,Clothing,12,Mumbai,Debit Card,57,Other,6,9134
23.318329715976965,30425.989678655726,Clothing,16,Delhi,Wallet,20,Other,11,8259
23.864487795284283,35999.83859225408,Clothing,15,Bangalore,Wallet,42,Other,8,8453
50.3135646159237,44299.53121373634,Clothing,13,Delhi,UPI,55,Other,5,5284
11.18263226526185,33633.11092906616,Electronics,23,Chennai,Debit Card,37,Male,1,9524
16.24651491907443,39250.46916694211,Clothing,1,Mumbai,Wallet,51,Female,8,1961
57.99496512239136,12203.223572955785,Electronics,17,Hyderabad,Debit Card,38,Male,16,1659
20.712679723260017,25770.086348890545,Clothing,3,Mumbai,Wallet,40,Other,0,886
49.16476647111248,5419.922892219199,Home Decor,26,Hyderabad,Credit Card,23,Other,18,7692
24.290966862803593,16100.548903473036,Home Decor,15,Chennai,Cash,30,Female,5,5275
15.96648356556071,37690.77718008522,Home Decor,4,Chennai,Credit Card,40,Other,4,3909
24.590331459967246,49631.44781072136,Home Decor,4,Mumbai,Wallet,26,Male,1,1189
53.33601591133955,9463.014481424716,Electronics,18,Hyderabad,Cash,34,Male,8,7528
61.34178808637714,23067.24421375797,Electronics,17,Chennai,Cash,19,Female,13,7762
59.813191874019495,41003.19359146218,Footwear,19,Delhi,Wallet,36,Male,3,6164
33.83101177710729,14181.603558300449,Clothing,11,Delhi,Wallet,36,Male,3,7266
50.08510819423877,29978.82271860288,Home Decor,20,Hyderabad,Debit Card,24,Male,14,9861
22.299057724949257,37988.20832133537,Electronics,3,Mumbai,Wallet,59,Male,7,1452
27.588863815660794,32719.34526170806,Clothing,8,Chennai,UPI,59,Other,3,6642
63.780149111267185,13461.113057693727,Clothing,14,Mumbai,Wallet,37,Male,15,6467
10.780115410644163,20992.305590858276,Electronics,26,Delhi,UPI,26,Female,3,7705
15.130511851268086,40270.63030184287,Home Decor,1,Chennai,Wallet,34,Female,15,2984
22.47317530876164,29940.193135940746,Footwear,14,Mumbai,Debit Card,44,Male,11,2354
11.591932232429183,5235.332609431073,Clothing,2,Bangalore,UPI,19,Female,15,3731
20.886126105387838,39244.584201264224,Footwear,29,Hyderabad,Credit Card,53,Male,18,3097
44.98249365818153,6589.010972310758,Home Decor,23,Hyderabad,UPI,36,Female,7,8329
35.28547303554988,38558.02022290545,Home Decor,4,Bangalore,Debit Card,34,Female,5,8686
63.56030266461849,14111.625207435683,Footwear,24,Delhi,UPI,22,Male,9,4483
59.04661370430645,48113.30660537211,Home Decor,27,Chennai,Wallet,56,Male,4,7463
30.50904110187256,21557.3338085938,Clothing,29,Hyderabad,Wallet,35,Other,17,7184
25.56540600587755,19711.92273521356,Footwear,19,Bangalore,Debit Card,24,Male,9,1156
32.78154449003601,11699.96226496001,Home Decor,6,Bangalore,Cash,34,Male,9,8243
45.417696550888465,18752.18969705967,Footwear,25,Delhi,Wallet,56,Other,6,7339
26.083818449372576,44449.28428226902,Clothing,1,Delhi,Credit Card,53,Male,17,6812
47.44893447094804,49835.04519322613,Home Decor,17,Mumbai,Debit Card,57,Male,0,8438
34.56469913147443,21573.928872808174,Clothing,8,Hyderabad,UPI,21,Other,6,6676
43.12283085111881,25187.478392954414,Home Decor,19,Mumbai,UPI,55,Male,0,3785
36.167591748119,37493.19221912317,Electronics,21,Bangalore,Credit Card,42,Male,14,6059
27.66794557251506,44878.810120928356,Home Decor,1,Chennai,Wallet,22,Other,3,4063
66.9071984177294,31686.995038405286,Footwear,5,Chennai,Debit Card,47,Other,19,5084
55.81634764958565,22618.65641800232,Home Decor,27,Delhi,Credit Card,29,Female,9,5317
18.406790545987153,23567.98283818807,Clothing,16,Chennai,Wallet,21,Male,8,5541
62.10807855387477,36302.81659235631,Clothing,6,Chennai,Debit Card,41,Female,1,6682
39.24587189497082,5144.821862192541,Home Decor,8,Chennai,UPI,46,Female,13,8526
63.67313361364548,32881.52018569283,Footwear,13,Bangalore,Debit Card,26,Other,15,3744
57.99131535683891,20997.185469861084,Electronics,16,Chennai,Cash,21,Male,0,1540
35.512810268154006,40738.87990746879,Footwear,30,Chennai,Debit Card,41,Male,1,2773
11.348158499207043,9184.578792040948,Electronics,3,Chennai,Cash,31,Other,6,4129
26.120641563096765,31469.102012677573,Clothing,19,Mumbai,Debit Card,22,Female,9,2614
42.498052879652015,26643.78004487557,Footwear,12,Bangalore,Cash,35,Other,19,7864
48.00869318956884,33904.648665735236,Electronics,16,Delhi,UPI,59,Male,0,2177
25.47326112599214,7918.411751733576,Home Decor,27,Mumbai,Wallet,36,Other,12,3594
18.36136444436945,31099.27043426591,Clothing,11,Hyderabad,Cash,29,Male,0,9690
60.09581420795795,30266.806458178566,Home Decor,10,Bangalore,Cash,35,Female,4,6373
69.06413084221313,30229.704248727692,Clothing,25,Bangalore,UPI,34,Male,15,2784
41.54141093816115,32156.944996840466,Footwear,20,Hyderabad,Cash,47,Female,14,5552
20.30075715089821,35441.0571751863,Footwear,4,Hyderabad,Credit Card,41,Female,16,7562
26.338439591162135,41224.50498563464,Clothing,12,Hyderabad,UPI,28,Male,15,2089
11.103440592848004,17141.932405769643,Clothing,23,Delhi,Credit Card,52,Male,12,9853
64.85792839362995,42127.223458102795,Clothing,2,Chennai,UPI,40,Female,10,3020
17.065064973408468,27421.505701855414,Footwear,24,Bangalore,Cash,34,Other,16,5148
44.59098853085521,8467.622561044902,Electronics,22,Chennai,Credit Card,18,Male,16,6229
26.44331324123236,7634.791815979064,Home Decor,19,Chennai,Cash,32,Female,1,1194
43.2506801509476,20040.724341322733,Home Decor,25,Hyderabad,UPI,49,Female,12,8307
49.08522330111185,40320.36397001604,Footwear,5,Delhi,Cash,26,Other,13,4183
59.784508222432095,36845.642063341205,Home Decor,8,Mumbai,Credit Card,32,Male,10,7204
22.385276305636193,40487.67341025829,Clothing,7,Delhi,Credit Card,45,Female,9,7868
10.659749719508829,28277.10753987242,Electronics,14,Chennai,Cash,41,Other,2,2471
18.213137804128436,24808.954907997075,Home Decor,24,Delhi,Debit Card,52,Female,16,8555
64.0011185108863,11635.363701782779,Electronics,23,Hyderabad,UPI,39,Male,14,4718
62.43340465375091,19768.67391241902,Clothing,3,Mumbai,UPI,44,Other,8,2368
45.844786130218495,24530.87147782439,Home Decor,18,Hyderabad,Cash,36,Female,9,2171
46.0310116260192,8987.019335582776,Footwear,16,Mumbai,Debit Card,29,Other,7,9774
49.90220047277533,14927.537872004506,Electronics,23,Chennai,Credit Card,37,Male,12,2228
20.522276717406974,31920.138232868245,Clothing,19,Mumbai,Wallet,18,Other,17,8132
64.8647167554976,38104.84014076354,Electronics,19,Mumbai,Wallet,38,Male,4,6903
35.12623149352439,49925.638012682735,Home Decor,18,Mumbai,Cash,18,Female,5,6592
32.98831169496985,46990.09991046009,Home Decor,20,Delhi,Debit Card,27,Male,16,2642
41.13506231697025,33915.433979083624,Footwear,16,Delhi,Debit Card,49,Female,10,9840
12.817958006503304,23956.16239823324,Clothing,8,Chennai,UPI,56,Female,19,6684
19.977002125364763,33627.98141187047,Clothing,28,Mumbai,Credit Card,39,Male,15,6510
54.282016985582224,40354.32281361044,Footwear,1,Bangalore,Debit Card,35,Female,8,753
14.967920075507589,10325.12859155243,Footwear,17,Chennai,Wallet,49,Other,1,4602
46.189126567983294,23445.720036332972,Clothing,12,Mumbai,Credit Card,44,Female,4,4042
24.720946580879257,42791.10285360277,Electronics,30,Mumbai,Credit Card,45,Male,0,3275
33.35773684251859,22272.48283698698,Electronics,21,Delhi,Cash,35,Other,3,8178
27.321624206241992,30734.252205223394,Footwear,11,Chennai,Debit Card,56,Other,3,6712
31.34036298789695,31449.62123879892,Electronics,5,Mumbai,Cash,46,Female,2,5137
53.14275431105473,13301.431391013772,Clothing,27,Mumbai,Debit Card,35,Female,8,6534
27.827302937390503,21300.594874352977,Home Decor,12,Chennai,UPI,25,Male,11,8957
43.98427841781383,20053.007993386946,Home Decor,17,Bangalore,Cash,48,Other,9,6976
38.56302413194598,6178.851883942916,Electronics,6,Chennai,Cash,51,Male,1,3648
49.820269921758886,6088.629375110986,Footwear,1,Chennai,Wallet,24,Female,10,3859
66.20978435948548,42426.366965409805,Footwear,5,Bangalore,Cash,53,Other,9,1504
53.95432583261502,17288.186448776556,Footwear,25,Chennai,Debit Card,35,Male,5,5217
22.896422715445404,28313.544480746696,Footwear,28,Mumbai,Wallet,55,Male,17,3771
11.87098810367708,18442.650811494786,Footwear,14,Chennai,Cash,26,Male,1,709
25.735842657989505,47330.566030190326,Electronics,5,Bangalore,Cash,26,Male,1,9579
45.70467584201529,16668.35414895982,Home Decor,22,Hyderabad,UPI,25,Male,9,6039
13.085548809055021,24334.556573252077,Home Decor,24,Chennai,Cash,52,Other,15,653
39.781974832074184,44272.86127180708,Electronics,27,Delhi,Credit Card,35,Male,11,4093
45.81057093501335,42887.01050563139,Footwear,1,Mumbai,Wallet,22,Other,0,9106
30.05463344901765,13374.56380308248,Electronics,30,Mumbai,Credit Card,31,Male,7,1784
56.25473222474932,41118.94894080697,Home Decor,18,Delhi,Wallet,45,Female,15,3648
16.39589518802631,25618.40990320517,Clothing,16,Delhi,UPI,47,Female,17,1268
14.508266904148526,26733.599243840985,Electronics,9,Chennai,Cash,21,Male,12,9674
53.6913253722162,11006.598758717471,Footwear,19,Delhi,Cash,56,Female,14,6107
39.72947897237191,8627.06811907061,Home Decor,22,Hyderabad,Cash,37,Other,11,3702
51.30414378566416,37757.268813819435,Home Decor,5,Bangalore,Wallet,42,Male,7,3287
36.089640316224774,27340.75185598849,Home Decor,27,Delhi,Cash,45,Other,9,2710
24.784121994346407,24658.28161768308,Home Decor,2,Delhi,Credit Card,29,Male,13,9730
59.146139060451986,37827.87028935785,Footwear,30,Hyderabad,Cash,19,Female,4,7899
57.964952738138756,39448.08045459994,Clothing,15,Mumbai,UPI,31,Other,17,6838
51.68178825126561,12150.86754512091,Home Decor,7,Mumbai,Credit Card,39,Female,18,9233
26.328708233797762,32460.13172649386,Electronics,4,Chennai,Cash,48,Female,14,858
45.41384001214523,11090.933702495848,Clothing,1,Hyderabad,Cash,40,Male,5,1349
31.658433816401608,38811.87887130705,Home Decor,13,Bangalore,Debit Card,37,Other,10,7998
15.494924399598048,34562.982032021275,Clothing,20,Bangalore,Wallet,55,Female,10,5022
65.03881452773456,48047.65794875561,Electronics,22,Hyderabad,Credit Card,21,Male,19,3044
18.209117855137684,8103.110736038953,Home Decor,7,Bangalore,Debit Card,32,Male,19,2331
67.01424122924814,7567.462451806445,Electronics,15,Mumbai,UPI,41,Male,17,1972
36.76034637747735,17698.418361194006,Footwear,23,Bangalore,Wallet,42,Female,17,829
